symbol,name,market_cap,address,price_usd,decimals,_alchemy_metadata,_ethplorer_metadata,_metadata,no_price_checkup,_coingecko_coin,_ftx_coin
1INCH,,,0x111111111117dc0aa78b770fa6a738034120c302,0.58369863,,,,,True,"{'id': '1inch', 'symbol': '1inch', 'name': '1inch', 'platforms': {'ethereum': '0x111111111117dc0aa78b770fa6a738034120c302', 'energi': '0xdda6205dc3f47e5280eb726613b27374eee9d130', 'avalanche': '0xd501281565bf7789224523144fe5d98e8b28f267', 'harmony-shard-0': '0x58f1b044d8308812881a1433d9bbeff99975e70c', 'polygon-pos': '0x9c2c5fd7b07e95ee044ddeba0e97a665f142394f', 'binance-smart-chain': '0x111111111117dc0aa78b770fa6a738034120c302'}}","{'id': '1INCH', 'name': '1NCH Token', 'collateral': True, 'usdFungible': False, 'isEtf': False, 'isToken': False, 'hidden': False, 'canDeposit': True, 'canWithdraw': True, 'canConvert': True, 'hasTag': False, 'collateralWeight': 0.9, 'initialCollateralWeight': 0.85, 'imfWeight': 1, 'mmfWeight': 1, 'spotMarginImf': 0.2222222222222222, 'spotMarginImfFactor': 0.0005, 'fiat': False, 'methods': ['erc20'], 'erc20Contract': '0x111111111117dC0aa78b770fA6A738034120C302', 'bep2Asset': None, 'trc20Contract': None, 'splMint': None, 'creditTo': None, 'spotMargin': True, 'nftQuoteCurrencyEligible': False, 'indexPrice': 0.58369863, 'imageUrl': None}"
AAPL,,,0xd059c8a4c7f53c4352d933b059349ba492294ac9,,,,,,True,"{'id': 'apple-protocol-token', 'symbol': 'aapl', 'name': 'Apple Protocol', 'platforms': {'ethereum': '0xd059c8a4c7f53c4352d933b059349ba492294ac9'}}",
AAVE,,,0x7fc66500c84a76ad7e9c93437bfc5ac33e2ddae9,78.41065303,,,,,True,"{'id': 'aave', 'symbol': 'aave', 'name': 'Aave', 'platforms': {'ethereum': '0x7fc66500c84a76ad7e9c93437bfc5ac33e2ddae9', 'optimistic-ethereum': '0x76fb31fb4af56892a25e32cfc43de717950c9278', 'energi': '0xa7f2f790355e0c32cab03f92f6eb7f488e6f049a', 'binance-smart-chain': '0xfb6115445bff7b52feb98650c87f44907e58f802', 'sora': '0x0091bd8d8295b25cab5a7b8b0e44498e678cfc15d872ede3215f7d4c7635ba36', 'avalanche': '0x63a72806098bd3d9520cc43356dd78afe5d386d9', 'harmony-shard-0': '0xcf323aad9e522b93f11c352caa519ad0e14eb40f', 'fantom': '0x6a07a792ab2965c72a5b8088d3a069a7ac3a993b', 'polygon-pos': '0xd6df932a45c0f255f85145f286ea0b292b21c90b', 'huobi-token': '0x202b4936fe1a82a4965220860ae46d7d3939bb25'}}","{'id': 'AAVE', 'name': 'Aave', 'collateral': True, 'usdFungible': False, 'isEtf': False, 'isToken': False, 'hidden': False, 'canDeposit': True, 'canWithdraw': True, 'canConvert': True, 'hasTag': False, 'collateralWeight': 0.9, 'initialCollateralWeight': 0.85, 'imfWeight': 1, 'mmfWeight': 1, 'spotMarginImf': 0.2222222222222222, 'spotMarginImfFactor': 0.0025, 'fiat': False, 'methods': ['erc20'], 'erc20Contract': '0x7Fc66500c84A76Ad7e9c93437bFc5Ac33E2DDaE9', 'bep2Asset': None, 'trc20Contract': None, 'splMint': None, 'creditTo': None, 'spotMargin': True, 'nftQuoteCurrencyEligible': False, 'indexPrice': 78.41065303, 'imageUrl': 'https://static.ftx.com/nfts/484764415357555313.png'}"
ABNB,,,,,,,,,True,"{'id': 'airbnb-tokenized-stock-zipmex', 'symbol': 'abnb', 'name': 'Airbnb Tokenized Stock Zipmex', 'platforms': {}}",
ACB,,,,,,,,,True,,
ALGO,,,,0.332725,,,,,True,"{'id': 'algorand', 'symbol': 'algo', 'name': 'Algorand', 'platforms': {}}",
ALPHA,,,0xa1faa113cbe53436df28ff0aee54275c13b40975,0.11633828,,,,,True,"{'id': 'aavegotchi-alpha', 'symbol': 'alpha', 'name': 'Aavegotchi ALPHA', 'platforms': {'polygon-pos': '0x6a3e7c3c6ef65ee26975b12293ca1aad7e1daed2'}}","{'id': 'ALPHA', 'name': 'Alpha Finance', 'collateral': True, 'usdFungible': False, 'isEtf': False, 'isToken': False, 'hidden': False, 'canDeposit': True, 'canWithdraw': True, 'canConvert': True, 'hasTag': False, 'collateralWeight': 0.9, 'initialCollateralWeight': 0.85, 'imfWeight': 1, 'mmfWeight': 1, 'spotMarginImf': 0.2222222222222222, 'spotMarginImfFactor': 0.00025, 'fiat': False, 'methods': ['erc20'], 'erc20Contract': '0xa1faa113cbE53436Df28FF0aEe54275c13B40975', 'bep2Asset': None, 'trc20Contract': None, 'splMint': None, 'creditTo': None, 'spotMargin': True, 'nftQuoteCurrencyEligible': False, 'indexPrice': 0.11633828, 'imageUrl': 'https://static.ftx.com/nfts/399320712475095970.png'}"
AMC,,,0x7603de2ea4cbceb0250118de03fcb70fe1e8e935,,,,,,True,"{'id': 'amc-fight-night', 'symbol': 'amc', 'name': 'AMC Fight Night', 'platforms': {'ethereum': '0x7603de2ea4cbceb0250118de03fcb70fe1e8e935', 'binance-smart-chain': '0x1496fb27d8cf1887d21cac161987821859ca56ba'}}",
AMD,,,,,,,,,True,,
AMZN,,,,,,,,,True,"{'id': 'amazon-tokenized-stock-zipmex', 'symbol': 'amzn', 'name': 'Amazon Tokenized Stock Zipmex', 'platforms': {}}",
APE,,,0x40e0a6ef9dbadfc83c5e0d15262feb4638588d77,5.209,,,,,True,"{'id': 'ape', 'symbol': 'ape', 'name': 'APE', 'platforms': {'ethereum': '0x40e0a6ef9dbadfc83c5e0d15262feb4638588d77'}}","{'id': 'APE', 'name': 'ApeCoin', 'collateral': True, 'usdFungible': False, 'isEtf': False, 'isToken': False, 'hidden': False, 'canDeposit': True, 'canWithdraw': True, 'canConvert': True, 'hasTag': False, 'collateralWeight': 0.95, 'initialCollateralWeight': 0.9, 'imfWeight': 1, 'mmfWeight': 1, 'spotMarginImf': 0.15789473684210525, 'spotMarginImfFactor': 0.0005, 'fiat': False, 'methods': ['erc20'], 'erc20Contract': '0x4d224452801ACEd8B2F0aebE155379bb5D594381', 'bep2Asset': None, 'trc20Contract': None, 'splMint': None, 'creditTo': None, 'spotMargin': True, 'nftQuoteCurrencyEligible': False, 'indexPrice': 5.209, 'imageUrl': 'https://static.ftx.com/nfts/540237345232251626.png'}"
APEAMC,,,,,,,,,True,"{'id': 'amc-entertainment-preferred-tokenized-stock-on-ftx', 'symbol': 'apeamc', 'name': 'AMC Entertainment Preferred Tokenized Stock on FTX', 'platforms': {}}",
APHA,,,,,,,,,True,,
APT,,,,9.15,,,,,True,"{'id': 'apidae', 'symbol': 'apt', 'name': 'Apidae', 'platforms': {'binance-smart-chain': '0xa49c8cbbddfe4dbc8605f0f5c8f2845c5e225d22'}}",
ARKK,,,,,,,,,True,,
ASD,,,0xff742d05420b6aca4481f635ad8341f81a6300c2,0.11559,,,,,True,"{'id': 'asd', 'symbol': 'asd', 'name': 'AscendEx', 'platforms': {'ethereum': '0xff742d05420b6aca4481f635ad8341f81a6300c2'}}","{'id': 'ASD', 'name': 'AscendEx Token (BTMX)', 'collateral': True, 'usdFungible': False, 'isEtf': False, 'isToken': False, 'hidden': False, 'canDeposit': True, 'canWithdraw': True, 'canConvert': True, 'hasTag': False, 'collateralWeight': 0.7, 'initialCollateralWeight': 0.65, 'imfWeight': 1, 'mmfWeight': 1, 'spotMarginImf': 0.5714285714285714, 'spotMarginImfFactor': 0.0008, 'fiat': False, 'methods': ['erc20'], 'erc20Contract': '0xff742d05420B6Aca4481F635aD8341F81A6300C2', 'bep2Asset': None, 'trc20Contract': None, 'splMint': None, 'creditTo': None, 'spotMargin': True, 'nftQuoteCurrencyEligible': False, 'indexPrice': 0.11559, 'imageUrl': 'https://static.ftx.com/nfts/342517189790749320.png'}"
ATOM,,,,13.04,,,,,True,"{'id': 'cosmos', 'symbol': 'atom', 'name': 'Cosmos Hub', 'platforms': {'evmos': '0xc5e00d3b04563950941f7137b5afa3a534f0d6d6', 'canto': '0xeceeefcee421d8062ef8d6b4d814efe4dc898265', 'binance-smart-chain': '0x0eb3a705fc54725037cc9e008bdede697f62f335', 'osmosis': 'IBC/27394FB092D2ECCD56123C74F36E4C1F926001CEADA9CA97EA622B25F41E5EB2'}}",
AUD,,,,,,,,,True,,
AVAX,,,,17.03,,,,,True,"{'id': 'avalanche-2', 'symbol': 'avax', 'name': 'Avalanche', 'platforms': {'avalanche': 'FvwEAhmxKfeiG8SnEvq42hc6whRyY3EFYAvebMqDNDGCgxN5Z', 'step-network': '0xd6070ae98b8069de6b494332d1a1a81b6179d960', 'defi-kingdoms-blockchain': '0xb57b60debdb0b8172bb6316a9164bd3c695f133a', 'milkomeda-cardano': '0x65e66a61d0a8f1e686c2d6083ad611a10d84d97a', 'polygon-pos': '0x2c89bbc92bd86f8075d1decc58c7f4e0107f286b', 'moonbeam': '0x4792c1ecb969b036eb51330c63bd27899a13d84e', 'harmony-shard-0': 'one14tvk6p8spdcch8k58cuahrnnmesua79he3xzld', 'moonriver': '0x14a0243c333a5b238143068dc3a7323ba4c30ecb'}}",
AXS,,,0xbb0e17ef65f82ab018d8edd776e8dd940327b28b,12.82612512,,,,,True,"{'id': 'axie-infinity', 'symbol': 'axs', 'name': 'Axie Infinity', 'platforms': {'ethereum': '0xbb0e17ef65f82ab018d8edd776e8dd940327b28b', 'energi': '0x7cd3d51bee45434dd80822c5d58b999333b69ffb', 'ronin': '0x97a9107c1793bc407d6f527b77e7fff4d812bece', 'harmony-shard-0': '0x14a7b318fed66ffdcc80c1517c172c13852865de', 'binance-smart-chain': '0x715d400f88c167884bbcc41c5fea407ed4d2f8a0'}}","{'id': 'AXS', 'name': 'Axie Infinity', 'collateral': True, 'usdFungible': False, 'isEtf': False, 'isToken': False, 'hidden': False, 'canDeposit': True, 'canWithdraw': True, 'canConvert': True, 'hasTag': False, 'collateralWeight': 0.9, 'initialCollateralWeight': 0.85, 'imfWeight': 1, 'mmfWeight': 1, 'spotMarginImf': 0.2222222222222222, 'spotMarginImfFactor': 0.001, 'fiat': False, 'methods': ['erc20'], 'erc20Contract': '0xBB0E17EF65F82Ab018d8EDd776e8DD940327B28b', 'bep2Asset': None, 'trc20Contract': None, 'splMint': None, 'creditTo': None, 'spotMargin': True, 'nftQuoteCurrencyEligible': False, 'indexPrice': 12.82612512, 'imageUrl': None}"
BABA,,,,,,,,,True,"{'id': 'alibaba-tokenized-stock-zipmex', 'symbol': 'baba', 'name': 'Alibaba Tokenized Stock Zipmex', 'platforms': {}}",
BAND,,,0xba11d00c5f74255f56a5e366f4f77f5a186d7f55,1.22863807,,,,,True,"{'id': 'band-protocol', 'symbol': 'band', 'name': 'Band Protocol', 'platforms': {'ethereum': '0xba11d00c5f74255f56a5e366f4f77f5a186d7f55', 'energi': '0xb2ef65460bf71a05d59fdf5e8f114a32d445d164', 'fantom': '0x46e7628e8b4350b2716ab470ee0ba1fa9e76c6c5'}}","{'id': 'BAND', 'name': 'Band Protocol', 'collateral': True, 'usdFungible': False, 'isEtf': False, 'isToken': False, 'hidden': False, 'canDeposit': True, 'canWithdraw': True, 'canConvert': True, 'hasTag': False, 'collateralWeight': 0.85, 'initialCollateralWeight': 0.8, 'imfWeight': 1, 'mmfWeight': 1, 'spotMarginImf': 0.29411764705882354, 'spotMarginImfFactor': 0.001, 'fiat': False, 'methods': ['erc20'], 'erc20Contract': '0xBA11D00c5f74255f56a5E366F4F77f5A186d7f55', 'bep2Asset': None, 'trc20Contract': None, 'splMint': None, 'creditTo': None, 'spotMargin': True, 'nftQuoteCurrencyEligible': False, 'indexPrice': 1.22863807, 'imageUrl': None}"
BB,,,,,,,,,True,"{'id': 'baby-bali', 'symbol': 'bb', 'name': 'Baby Bali', 'platforms': {'binance-smart-chain': '0x16f9cc3c6f8d8006cfc0ee693cef9d76b0d44c36'}}",
BCH,,,,114.31,,,,,True,"{'id': 'binance-peg-bitcoin-cash', 'symbol': 'bch', 'name': 'Binance-Peg Bitcoin Cash', 'platforms': {'binance-smart-chain': '0x8ff795a6f4d97e7887c79bea79aba5cc76444adf'}}",
BILI,,,,,,,,,True,,
BITW,,,,,,,,,True,,
BNB,,,,288.12,,,,,True,"{'id': 'binancecoin', 'symbol': 'bnb', 'name': 'BNB', 'platforms': {}}",
BNT,,,0x1f573d6fb3f13d689ff844b4ce37794d79a7ff1c,0.44302383,,,,,True,"{'id': 'bancor', 'symbol': 'bnt', 'name': 'Bancor Network', 'platforms': {'ethereum': '0x1f573d6fb3f13d689ff844b4ce37794d79a7ff1c', 'energi': '0x9419e8edcf570a71eb0dd006602949742b711a80'}}","{'id': 'BNT', 'name': 'Bancor Network Token', 'collateral': True, 'usdFungible': False, 'isEtf': False, 'isToken': False, 'hidden': False, 'canDeposit': True, 'canWithdraw': True, 'canConvert': True, 'hasTag': False, 'collateralWeight': 0.9, 'initialCollateralWeight': 0.85, 'imfWeight': 1, 'mmfWeight': 1, 'spotMarginImf': 0.2222222222222222, 'spotMarginImfFactor': 0.0025, 'fiat': False, 'methods': ['erc20'], 'erc20Contract': '0x1F573D6Fb3F13d689FF844B4cE37794d79a7FF1C', 'bep2Asset': None, 'trc20Contract': None, 'splMint': None, 'creditTo': None, 'spotMargin': True, 'nftQuoteCurrencyEligible': False, 'indexPrice': 0.44302383, 'imageUrl': None}"
BNTX,,,0x86d1d12523b65203851c571fcc029bf90903fb6d,,,,,,True,"{'id': 'bintex-futures', 'symbol': 'bntx', 'name': 'Bintex Futures', 'platforms': {'ethereum': '0x86d1d12523b65203851c571fcc029bf90903fb6d', 'binance-smart-chain': '0x0ec04ece89609e545b8768e303986421ffc32eaf', 'tron': 'TShRHNNhJCfi8th3uyUMzeASPXAuFaiLVE'}}",
BRZ,,,0x420412e765bfa6d85aaac94b4f7b708c89be2e2b,0.19195,,,,,True,"{'id': 'brz', 'symbol': 'brz', 'name': 'Brazilian Digital', 'platforms': {'ethereum': '0x420412e765bfa6d85aaac94b4f7b708c89be2e2b', 'solana': 'FtgGSFADXBtroxq8VCausXRr2of47QBf5AS1NtZCu4GD'}}","{'id': 'BRZ', 'name': 'Brazilian Digital Token', 'collateral': True, 'usdFungible': False, 'isEtf': False, 'isToken': False, 'hidden': False, 'canDeposit': True, 'canWithdraw': True, 'canConvert': True, 'hasTag': False, 'collateralWeight': 0.99, 'initialCollateralWeight': 0.98, 'imfWeight': 1, 'mmfWeight': 1, 'spotMarginImf': 0.1111111111111111, 'spotMarginImfFactor': 1e-05, 'fiat': False, 'methods': ['erc20', 'sol'], 'erc20Contract': '0x420412E765BFa6d85aaaC94b4f7b708C89be2e2B', 'bep2Asset': None, 'trc20Contract': None, 'splMint': 'FtgGSFADXBtroxq8VCausXRr2of47QBf5AS1NtZCu4GD', 'creditTo': None, 'spotMargin': True, 'nftQuoteCurrencyEligible': False, 'indexPrice': 0.19195, 'imageUrl': None}"
BTC,,,,20581.0,,,,,True,"{'id': 'bitcoin', 'symbol': 'btc', 'name': 'Bitcoin', 'platforms': {}}",
BYND,,,,,,,,,True,"{'id': 'beyondcoin', 'symbol': 'bynd', 'name': 'Beyondcoin', 'platforms': {}}",
CAD,,,,,,,,,True,,
CEL,,,0xaaaebe6fe48e54f431b0c390cfaf0b017d09d42d,1.358,,,,,True,"{'id': 'celsius-degree-token', 'symbol': 'cel', 'name': 'Celsius Network', 'platforms': {'ethereum': '0xaaaebe6fe48e54f431b0c390cfaf0b017d09d42d', 'energi': '0x1b53c0662414b195fcd5802c09754765b930a312', 'harmony-shard-0': '0xd562c88e0f8e7dae43076018bb1ea3115617984d', 'fantom': '0x2c78f1b70ccf63cdee49f9233e9faa99d43aa07e', 'polygon-pos': '0xd85d1e945766fea5eda9103f918bd915fbca63e6'}}","{'id': 'CEL', 'name': 'Celsius Token', 'collateral': True, 'usdFungible': False, 'isEtf': False, 'isToken': False, 'hidden': False, 'canDeposit': True, 'canWithdraw': True, 'canConvert': True, 'hasTag': False, 'collateralWeight': 0.85, 'initialCollateralWeight': 0.8, 'imfWeight': 1, 'mmfWeight': 1, 'spotMarginImf': 0.29411764705882354, 'spotMarginImfFactor': 0.001, 'fiat': False, 'methods': ['erc20'], 'erc20Contract': '0xaaAEBE6Fe48E54f431b0C390CfaF0b017d09D42d', 'bep2Asset': None, 'trc20Contract': None, 'splMint': None, 'creditTo': None, 'spotMargin': True, 'nftQuoteCurrencyEligible': False, 'indexPrice': 1.358, 'imageUrl': None}"
CGC,,,,,,,,,True,"{'id': 'cryptoids-game-coin', 'symbol': 'cgc', 'name': 'Cryptoids Game Coin', 'platforms': {'binance-smart-chain': '0xf35aee66ab0d099af233c1ab23e5f2138b0ed15b'}}",
COIN,,,0xe61fdaf474fac07063f2234fb9e60c1163cfa850,,,,,,True,"{'id': 'coin', 'symbol': 'coin', 'name': 'Coin', 'platforms': {'ethereum': '0xe61fdaf474fac07063f2234fb9e60c1163cfa850'}}",
CRON,,,,,,,,,True,"{'id': 'cronosnode', 'symbol': 'cron', 'name': 'CronosNode', 'platforms': {'cronos': '0xd8eb4845b094e05f4d01d7bb3468238076f744f1'}}",
CUSDT,,,0xf650c3d88d12db855b8bf7d11be6c55a4e07dcc9,0.02202875,,,,,True,"{'id': 'compound-usdt', 'symbol': 'cusdt', 'name': 'cUSDT', 'platforms': {'ethereum': '0xf650c3d88d12db855b8bf7d11be6c55a4e07dcc9'}}","{'id': 'CUSDT', 'name': 'Compound USDT', 'collateral': True, 'usdFungible': False, 'isEtf': False, 'isToken': False, 'hidden': False, 'canDeposit': True, 'canWithdraw': True, 'canConvert': True, 'hasTag': False, 'collateralWeight': 0.9, 'initialCollateralWeight': 0.85, 'imfWeight': 1, 'mmfWeight': 1, 'spotMarginImf': 0.2222222222222222, 'spotMarginImfFactor': 5e-06, 'fiat': False, 'methods': ['erc20'], 'erc20Contract': '0xf650C3d88D12dB855b8bf7D11Be6C55A4e07dCC9', 'bep2Asset': None, 'trc20Contract': None, 'splMint': None, 'creditTo': None, 'spotMargin': True, 'nftQuoteCurrencyEligible': False, 'indexPrice': 0.02202875, 'imageUrl': None}"
DAI,,,0x6b175474e89094c44da98b954eedeac495271d0f,0.9999,,,,,True,"{'id': 'dai', 'symbol': 'dai', 'name': 'Dai', 'platforms': {'ethereum': '0x6b175474e89094c44da98b954eedeac495271d0f', 'hydra': 'abc2cd00700e06922bcf30fe0ad648507113cc56', 'xdai': '0x44fa8e6f47987339850636f88629646662444217', 'klay-token': '0x078db7827a5531359f6cb63f62cfa20183c4f10c', 'velas': '0xe3f5a90f9cb311505cd691a46596599aa1a0ad7d', 'arbitrum-nova': '0xda10009cbd5d07dd0cecc66161fc93d7c9000da1', 'kava': '0x765277eebeca2e31912c9946eae1021199b39c61', 'metis-andromeda': '0x4651b38e7ec14bb3db731369bfe5b08f2466bd0a', 'astar': '0x6de33698e9e9b787e09d3bd7771ef63557e148bb', 'cosmos': 'ibc/0CD3A0285E1341859B5E86B6AB7682F023D03E97607CCC1DC95706411D866DF7', 'energi': '0x0ee5893f434017d8881750101ea2f7c49c0eb503', 'milkomeda-cardano': '0x639a647fbe20b6c8ac19e48e2de44ea792c62c5c', 'syscoin': '0xefaeee334f0fd1712f9a8cc375f427d9cdd40d73', 'moonbeam': '0x765277eebeca2e31912c9946eae1021199b39c61', 'fantom': '0x8d11ec38a3eb5e956b052f67da8bdc9bef8abf3e', 'cronos': '0xf2001b145b43032aaf5ee2884e456ccd805f677d', 'aurora': '0xe3520349f477a5f6eb06107066048508498a291b', 'optimistic-ethereum': '0xda10009cbd5d07dd0cecc66161fc93d7c9000da1', 'moonriver': '0x80a16016cc4a2e6a2caca8a4a498b1699ff0f844', 'sora': '0x0200060000000000000000000000000000000000000000000000000000000000', 'arbitrum-one': '0xda10009cbd5d07dd0cecc66161fc93d7c9000da1', 'avalanche': '0xd586e7f844cea2f87f50152665bcbc2c279d8d70', 'harmony-shard-0': '0xef977d2f931c1978db5f6747666fa1eacb0d0339', 'binance-smart-chain': '0x1af3f329e8be154074d8769d1ffa4ee058b1dbc3', 'polygon-pos': '0x8f3cf7ad23cd3cadbd9735aff958023239c6a063'}}","{'id': 'DAI', 'name': 'Dai', 'collateral': True, 'usdFungible': False, 'isEtf': False, 'isToken': False, 'hidden': False, 'canDeposit': True, 'canWithdraw': True, 'canConvert': True, 'hasTag': False, 'collateralWeight': 0.9, 'initialCollateralWeight': 0.85, 'imfWeight': 1, 'mmfWeight': 1, 'spotMarginImf': 0.2222222222222222, 'spotMarginImfFactor': 5e-05, 'fiat': False, 'methods': ['erc20'], 'erc20Contract': '0x6B175474E89094C44Da98b954EedeAC495271d0F', 'bep2Asset': None, 'trc20Contract': None, 'splMint': None, 'creditTo': None, 'spotMargin': True, 'nftQuoteCurrencyEligible': False, 'indexPrice': 0.9999, 'imageUrl': 'https://static.ftx.com/nfts/408567939735124707.png'}"
DKNG,,,,,,,,,True,,
DOGE,,,,0.076632,,,,,True,"{'id': 'binance-peg-dogecoin', 'symbol': 'doge', 'name': 'Binance-Peg Dogecoin', 'platforms': {'binance-smart-chain': '0xba2ae424d960c26247dd6c32edc70b295c744c43', 'harmony-shard-0': '0xf155e1a57db0ca820ae37ab4050e0e4c7cfcecd0'}}",
DOT,,,,6.46,,,,,True,"{'id': 'binance-peg-polkadot', 'symbol': 'dot', 'name': 'Binance-Peg Polkadot', 'platforms': {'binance-smart-chain': '0x7083609fce4d1d8dc0c979aab8c869ea2c873402'}}",
ETH,,,,1551.04,,,,,True,"{'id': 'ethereum', 'symbol': 'eth', 'name': 'Ethereum', 'platforms': {}}",
ETHE,,,,,,,,,True,"{'id': 'etheking', 'symbol': 'ethe', 'name': 'ETHEKing', 'platforms': {'binance-smart-chain': '0x33efbc79bbf863db11b4a1bf6570ffb6bf41d0d2'}}",
ETHW,,,,7.17,,,,,True,"{'id': 'ethereum-pow-iou', 'symbol': 'ethw', 'name': 'EthereumPoW', 'platforms': {}}",
EUR,,,,,,,,,True,,
FB,,,,,,,,,True,"{'id': 'facebook-tokenized-stock-zipmex', 'symbol': 'fb', 'name': 'Facebook Tokenized Stock Zipmex', 'platforms': {}}",
FTM,,,0x4e15361fd6b4bb609fa63c81a2be19d873717870,0.22665,,,,,True,"{'id': 'fantom', 'symbol': 'ftm', 'name': 'Fantom', 'platforms': {'ethereum': '0x4e15361fd6b4bb609fa63c81a2be19d873717870', 'milkomeda-cardano': '0x332730a4f6e03d9c55829435f10360e13cfa41ff', 'moonriver': '0xad12dab5959f30b9ff3c2d6709f53c335dc39908', 'binance-smart-chain': '0xad29abb318791d579433d831ed122afeaf29dcfe', 'harmony-shard-0': '0x39ab439897380ed10558666c4377facb0322ad48'}}","{'id': 'FTM', 'name': 'Fantom', 'collateral': True, 'usdFungible': False, 'isEtf': False, 'isToken': False, 'hidden': False, 'canDeposit': True, 'canWithdraw': True, 'canConvert': True, 'hasTag': False, 'collateralWeight': 0.85, 'initialCollateralWeight': 0.8, 'imfWeight': 1, 'mmfWeight': 1, 'spotMarginImf': 0.29411764705882354, 'spotMarginImfFactor': 0.00015, 'fiat': False, 'methods': ['ftm', 'erc20'], 'erc20Contract': '0x4E15361FD6b4BB609Fa63C81A2be19d873717870', 'bep2Asset': None, 'trc20Contract': None, 'splMint': None, 'creditTo': None, 'spotMargin': True, 'nftQuoteCurrencyEligible': False, 'indexPrice': 0.22665, 'imageUrl': None}"
GBP,,,,,,,,,True,,
GBTC,,,,,,,,,True,,
GDX,,,,,,,,,True,,
GDXJ,,,,,,,,,True,,
GLD,,,,,,,,,True,"{'id': 'goldario', 'symbol': 'gld', 'name': 'Goldario', 'platforms': {'binance-smart-chain': '0x6ef7e2d571f9806ab8faab73a76a97442bf78e3b'}}",
GLXY,,,,,,,,,True,"{'id': 'astrals-glxy', 'symbol': 'glxy', 'name': 'Astrals GLXY', 'platforms': {'solana': 'CJ5U6wPmjxFUyTJpUTS7Rt1UqhTmSVRMvmJ8WD4nndXW'}}",
GME,,,0x9eb6be354d88fd88795a04de899a57a77c545590,,,,,,True,"{'id': 'gamestop-finance', 'symbol': 'gme', 'name': 'GameStop Finance', 'platforms': {'ethereum': '0x9eb6be354d88fd88795a04de899a57a77c545590'}}",
GMT,,,0x7ddc52c4de30e94be3a6a0a2b259b2850f421989,0.62407702,,,,,True,"{'id': 'gmt-token', 'symbol': 'gmt', 'name': 'GMT', 'platforms': {'ethereum': '0x7ddc52c4de30e94be3a6a0a2b259b2850f421989'}}","{'id': 'GMT', 'name': 'STEPN', 'collateral': True, 'usdFungible': False, 'isEtf': False, 'isToken': False, 'hidden': False, 'canDeposit': True, 'canWithdraw': True, 'canConvert': True, 'hasTag': False, 'collateralWeight': 0.95, 'initialCollateralWeight': 0.9, 'imfWeight': 1, 'mmfWeight': 1, 'spotMarginImf': 0.15789473684210525, 'spotMarginImfFactor': 0.00025, 'fiat': False, 'methods': ['sol', 'erc20'], 'erc20Contract': '0xe3c408BD53c31C085a1746AF401A4042954ff740', 'bep2Asset': None, 'trc20Contract': None, 'splMint': '7i5KKsX2weiTkry7jA4ZwSuXGhs5eJBEjY8vVxR4pfRx', 'creditTo': None, 'spotMargin': True, 'nftQuoteCurrencyEligible': False, 'indexPrice': 0.62407702, 'imageUrl': None}"
GOOGL,,,,,,,,,True,"{'id': 'google-tokenized-stock-zipmex', 'symbol': 'googl', 'name': 'Google Tokenized Stock Zipmex', 'platforms': {}}",
GRT,,,0xc944e90c64b2c07662a292be6244bdf05cda44a7,0.09968121,,,,,True,"{'id': 'green-ride-token', 'symbol': 'grt', 'name': 'Green Ride', 'platforms': {'binance-smart-chain': '0x82338511b087c884411d7c17145f6e172fe1b03f'}}","{'id': 'GRT', 'name': 'Graph Token', 'collateral': True, 'usdFungible': False, 'isEtf': False, 'isToken': False, 'hidden': False, 'canDeposit': True, 'canWithdraw': True, 'canConvert': True, 'hasTag': False, 'collateralWeight': 0.9, 'initialCollateralWeight': 0.85, 'imfWeight': 1, 'mmfWeight': 1, 'spotMarginImf': 0.2222222222222222, 'spotMarginImfFactor': 0.00025, 'fiat': False, 'methods': ['erc20'], 'erc20Contract': '0xc944E90C64B2c07662A292be6244BDf05Cda44a7', 'bep2Asset': None, 'trc20Contract': None, 'splMint': None, 'creditTo': None, 'spotMargin': True, 'nftQuoteCurrencyEligible': False, 'indexPrice': 0.09968121, 'imageUrl': None}"
HOOD,,,,,,,,,True,,
HT,,,0x6f259637dcd74c767781e37bc6133cd6a68aa161,4.10435587,,,,,True,"{'id': 'huobi-token', 'symbol': 'ht', 'name': 'Huobi', 'platforms': {'ethereum': '0x6f259637dcd74c767781e37bc6133cd6a68aa161', 'elastos': '0xeceefc50f9aacf0795586ed90a8b9e24f55ce3f3', 'harmony-shard-0': '0xbaa0974354680b0e8146d64bb27fb92c03c4a2f2'}}","{'id': 'HT', 'name': 'Huobi Token', 'collateral': True, 'usdFungible': False, 'isEtf': False, 'isToken': False, 'hidden': False, 'canDeposit': True, 'canWithdraw': True, 'canConvert': True, 'hasTag': False, 'collateralWeight': 0.9, 'initialCollateralWeight': 0.85, 'imfWeight': 1, 'mmfWeight': 1, 'spotMarginImf': 0.2222222222222222, 'spotMarginImfFactor': 0.0003, 'fiat': False, 'methods': ['erc20', 'heco'], 'erc20Contract': '0x6f259637dcD74C767781E37Bc6133cd6A68aa161', 'bep2Asset': None, 'trc20Contract': None, 'splMint': None, 'creditTo': None, 'spotMargin': True, 'nftQuoteCurrencyEligible': False, 'indexPrice': 4.10435587, 'imageUrl': 'https://static.ftx.com/nfts/543782115720527501.png'}"
KNC,,,0xdefa4e8a7bcba345f687a2f1456f5edd9ce97202,1.15056054,,,,,True,"{'id': 'kyber-network-crystal', 'symbol': 'knc', 'name': 'Kyber Network Crystal', 'platforms': {'ethereum': '0xdefa4e8a7bcba345f687a2f1456f5edd9ce97202', 'energi': '0x8dbad759014b0aa140ecd7aed0e052b4f5c63be1', 'fantom': '0x1e1085efaa63edfe74aad7c05a28eae4ef917c3f', 'avalanche': '0x39fc9e94caeacb435842fadedecb783589f50f5f', 'sora': '0x001da2678bc8b0ff27d17eb4c11cc8e0def6c16a141d93253f3aa51276aa7b45', 'binance-smart-chain': '0xfe56d5892bdffc7bf58f2e84be1b2c32d21c308b', 'polygon-pos': '0x1c954e8fe737f99f68fa1ccda3e51ebdb291948c'}}","{'id': 'KNC', 'name': 'Kyber Network', 'collateral': True, 'usdFungible': False, 'isEtf': False, 'isToken': False, 'hidden': False, 'canDeposit': True, 'canWithdraw': True, 'canConvert': True, 'hasTag': False, 'collateralWeight': 0.95, 'initialCollateralWeight': 0.9, 'imfWeight': 150, 'mmfWeight': 10, 'spotMarginImf': 0.15789473684210525, 'spotMarginImfFactor': 0.001, 'fiat': False, 'methods': ['erc20'], 'erc20Contract': '0xdeFA4e8a7bcBA345F687a2f1456F5Edd9CE97202', 'bep2Asset': None, 'trc20Contract': None, 'splMint': None, 'creditTo': None, 'spotMargin': True, 'nftQuoteCurrencyEligible': False, 'indexPrice': 1.15056054, 'imageUrl': None}"
LEO,,,0x2af5d2ad76741191d15dfe7bf6ac92d4bd912ca3,4.23128932,,,,,True,"{'id': 'leo', 'symbol': 'leo', 'name': 'Leo', 'platforms': {'binance-smart-chain': '0xda38d8facd3875daad437839308f1885646dfbb6'}}","{'id': 'LEO', 'name': 'LEO', 'collateral': True, 'usdFungible': False, 'isEtf': False, 'isToken': False, 'hidden': False, 'canDeposit': True, 'canWithdraw': True, 'canConvert': True, 'hasTag': False, 'collateralWeight': 0.85, 'initialCollateralWeight': 0.8, 'imfWeight': 4, 'mmfWeight': 4, 'spotMarginImf': 0.29411764705882354, 'spotMarginImfFactor': 0.001, 'fiat': False, 'methods': ['erc20'], 'erc20Contract': '0x2AF5D2aD76741191D15Dfe7bF6aC92d4Bd912Ca3', 'bep2Asset': None, 'trc20Contract': None, 'splMint': None, 'creditTo': None, 'spotMargin': True, 'nftQuoteCurrencyEligible': False, 'indexPrice': 4.23128932, 'imageUrl': None}"
LINK,,,0x514910771af9ca656af840dff83e8264ecf986ca,7.91738103,,,,,True,"{'id': 'chainlink', 'symbol': 'link', 'name': 'Chainlink', 'platforms': {'ethereum': '0x514910771af9ca656af840dff83e8264ecf986ca', 'osmosis': 'ibc/D3327A763C23F01EC43D1F0DB3CEFEC390C362569B6FD191F40A5192F8960049', 'energi': '0x68ca48ca2626c415a89756471d4ade2cc9034008', 'milkomeda-cardano': '0xf390830df829cf22c53c8840554b98eafc5dcbc2', 'fantom': '0xb3654dc3d10ea7645f8319668e8f54d2574fbdc8', 'optimistic-ethereum': '0x350a791bfc2c21f9ed5d10980dad2e2638ffa7f6', 'sora': '0x008484148dcf23d1b48908393e7a00d5fdc3bf81029a73eeca62a15ebfb1205a', 'arbitrum-one': '0xf97f4df75117a78c1a5a0dbb814af92458539fb4', 'avalanche': '0x5947bb275c521040051d82396192181b413227a3', 'harmony-shard-0': '0x218532a12a389a4a92fc0c5fb22901d1c19198aa', 'huobi-token': '0x9e004545c59d359f6b7bfb06a26390b087717b42', 'polygon-pos': '0x53e0bca35ec356bd5dddfebbd1fc0fd03fabad39', 'binance-smart-chain': '0xf8a0bf9cf54bb92f17374d9e9a321e6a111a51bd', 'xdai': '0xe2e73a1c69ecf83f464efce6a5be353a37ca09b2'}}","{'id': 'LINK', 'name': 'ChainLink Token', 'collateral': True, 'usdFungible': False, 'isEtf': False, 'isToken': False, 'hidden': False, 'canDeposit': True, 'canWithdraw': True, 'canConvert': True, 'hasTag': False, 'collateralWeight': 0.95, 'initialCollateralWeight': 0.9, 'imfWeight': 1, 'mmfWeight': 1, 'spotMarginImf': 0.15789473684210525, 'spotMarginImfFactor': 0.0003, 'fiat': False, 'methods': ['erc20', 'sol'], 'erc20Contract': '0x514910771AF9Ca656af840dff83E8264EcF986CA', 'bep2Asset': None, 'trc20Contract': None, 'splMint': 'CWE8jPTUYhdCTZYWPTe1o5DFqfdjzWKc9WKz6rSjQUdG', 'creditTo': None, 'spotMargin': True, 'nftQuoteCurrencyEligible': False, 'indexPrice': 7.91738103, 'imageUrl': 'https://static.ftx.com/nfts/369784452849843565.png'}"
LOOKS,,,0xf4d2888d29d722226fafa5d9b24f9164c092421e,0.21766815,,,,,True,"{'id': 'looksrare', 'symbol': 'looks', 'name': 'LooksRare', 'platforms': {'ethereum': '0xf4d2888d29d722226fafa5d9b24f9164c092421e'}}","{'id': 'LOOKS', 'name': 'LooksRare', 'collateral': True, 'usdFungible': False, 'isEtf': False, 'isToken': False, 'hidden': False, 'canDeposit': True, 'canWithdraw': True, 'canConvert': True, 'hasTag': False, 'collateralWeight': 0.95, 'initialCollateralWeight': 0.9, 'imfWeight': 1, 'mmfWeight': 1, 'spotMarginImf': 0.15789473684210525, 'spotMarginImfFactor': 0.0005, 'fiat': False, 'methods': ['erc20'], 'erc20Contract': '0xf4d2888d29D722226FafA5d9B24F9164c092421E', 'bep2Asset': None, 'trc20Contract': None, 'splMint': None, 'creditTo': None, 'spotMargin': True, 'nftQuoteCurrencyEligible': False, 'indexPrice': 0.21766815, 'imageUrl': 'https://static.ftx.com/nfts/365217754393856204.png'}"
LTC,,,,55.71,,,,,True,"{'id': 'binance-peg-litecoin', 'symbol': 'ltc', 'name': 'Binance-Peg Litecoin', 'platforms': {'binance-smart-chain': '0x4338665cbb7b2485a8855a139b75d5e34ab0db94'}}",
LUNC,,,0xbd31ea8212119f94a611fa969881cba3ea06fa3d,,,,,,True,"{'id': 'luna-wormhole', 'symbol': 'lunc', 'name': 'Terra Classic (Wormhole)', 'platforms': {'solana': 'F6v4wfAdJB8D8p77bMXZgYt8TDKsYxLYxH5AFhUkYx9W', 'oasis': '0x4f43717b20ae319aa50bc5b2349b93af5f7ac823', 'avalanche': '0x70928e5b188def72817b7775f0bf6325968e563b', 'polygon-pos': '0x9cd6746665d9557e1b9a775819625711d0693439', 'binance-smart-chain': '0x156ab3346823b651294766e23e6cf87254d68962', 'ethereum': '0xbd31ea8212119f94a611fa969881cba3ea06fa3d'}}",
MATIC,,,0x7d1afa7b718fb893db30a3abc0cfc608aacfebb0,0.84918173,,,,,True,"{'id': 'matic-network', 'symbol': 'matic', 'name': 'Polygon', 'platforms': {'ethereum': '0x7d1afa7b718fb893db30a3abc0cfc608aacfebb0', 'energi': '0x98997e1651919faeacee7b96afbb3dfd96cb6036', 'moonbeam': '0x3405a1bd46b85c5c029483fbecf2f3e611026e45', 'sora': '0x009134d5c7b7fda8863985531f456f89bef5fbd76684a8acdb737b3e451d0877', 'moonriver': '0x682f81e57eaa716504090c3ecba8595fb54561d8', 'binance-smart-chain': '0xcc42724c6683b7e57334c4e856f4c9965ed682bd', 'harmony-shard-0': '0x301259f392b551ca8c592c9f676fcd2f9a0a84c5', 'polygon-pos': '0x0000000000000000000000000000000000001010'}}","{'id': 'MATIC', 'name': 'Matic', 'collateral': True, 'usdFungible': False, 'isEtf': False, 'isToken': False, 'hidden': False, 'canDeposit': True, 'canWithdraw': True, 'canConvert': True, 'hasTag': False, 'collateralWeight': 0.85, 'initialCollateralWeight': 0.8, 'imfWeight': 1, 'mmfWeight': 1, 'spotMarginImf': 0.29411764705882354, 'spotMarginImfFactor': 4e-05, 'fiat': False, 'methods': ['matic', 'erc20'], 'erc20Contract': '0x7D1AfA7B718fb893dB30A3aBc0Cfc608AaCfeBB0', 'bep2Asset': None, 'trc20Contract': None, 'splMint': None, 'creditTo': None, 'spotMargin': True, 'nftQuoteCurrencyEligible': False, 'indexPrice': 0.84918173, 'imageUrl': 'https://static.ftx.com/nfts/415528283080924891.png'}"
MKR,,,0x9f8f72aa9304c8b593d555f12ef6589cc3a579a2,836.98766067,,,,,True,"{'id': 'maker', 'symbol': 'mkr', 'name': 'Maker', 'platforms': {'ethereum': '0x9f8f72aa9304c8b593d555f12ef6589cc3a579a2', 'energi': '0x050317d93f29d1ba5ff3eac3b8157fd4e345588d', 'sora': '0x00ec184ef0b4bd955db05eea5a8489ae72888ab6e63682a15beca1cd39344c8f', 'arbitrum-one': '0x2e9a6df78e42a30712c10a9dc4b1c8656f8f2879', 'avalanche': '0x88128fd4b259552a9a1d457f435a6527aab72d42'}}","{'id': 'MKR', 'name': 'Maker', 'collateral': True, 'usdFungible': False, 'isEtf': False, 'isToken': False, 'hidden': False, 'canDeposit': True, 'canWithdraw': True, 'canConvert': True, 'hasTag': False, 'collateralWeight': 0.9, 'initialCollateralWeight': 0.85, 'imfWeight': 1, 'mmfWeight': 1, 'spotMarginImf': 0.2222222222222222, 'spotMarginImfFactor': 0.007, 'fiat': False, 'methods': ['erc20'], 'erc20Contract': '0x9f8F72aA9304c8B593d555F12eF6589cC3A579A2', 'bep2Asset': None, 'trc20Contract': None, 'splMint': None, 'creditTo': None, 'spotMargin': True, 'nftQuoteCurrencyEligible': False, 'indexPrice': 836.98766067, 'imageUrl': 'https://static.ftx.com/nfts/354221246370310920.png'}"
MOB,,,,,,,,,True,"{'id': 'mobilecoin', 'symbol': 'mob', 'name': 'MobileCoin', 'platforms': {}}",
MRNA,,,,,,,,,True,,
MSOL,,,,33.67,,,,,True,"{'id': 'msol', 'symbol': 'msol', 'name': 'Marinade staked SOL', 'platforms': {'solana': 'mSoLzYCxHdYgdzU16g5QSh3i5K3z3KZK7ytfqcJm7So'}}",
MSTR,,,,0.221514,,,,,True,"{'id': 'monsterra', 'symbol': 'mstr', 'name': 'Monsterra', 'platforms': {'binance-smart-chain': '0x2290c6bd9560e6498dfdf10f9ecb17997ca131f2'}}",
NFLX,,,,,,,,,True,"{'id': 'netflix-tokenized-stock-zipmex', 'symbol': 'nflx', 'name': 'Netflix Tokenized Stock Zipmex', 'platforms': {}}",
NIO,,,,,,,,,True,,
NOK,,,,,,,,,True,,
NVDA,,,,,,,,,True,,
OKB,,,0x75231f58b43240c9718dd58b4967c5114342a86c,15.58640163,,,,,True,"{'id': 'okb', 'symbol': 'okb', 'name': 'OKB', 'platforms': {'ethereum': '0x75231f58b43240c9718dd58b4967c5114342a86c', 'sora': '0x0080edc40a944d29562b2dea2de42ed27b9047d16eeea27c5bc1b2e02786abe9', 'okex-chain': '0xdf54b6c6195ea4d948d03bfd818d365cf175cfc2'}}","{'id': 'OKB', 'name': 'OKB', 'collateral': True, 'usdFungible': False, 'isEtf': False, 'isToken': False, 'hidden': False, 'canDeposit': True, 'canWithdraw': True, 'canConvert': True, 'hasTag': False, 'collateralWeight': 0.9, 'initialCollateralWeight': 0.85, 'imfWeight': 1, 'mmfWeight': 1, 'spotMarginImf': 0.2222222222222222, 'spotMarginImfFactor': 0.0003, 'fiat': False, 'methods': ['erc20'], 'erc20Contract': '0x75231F58b43240C9718Dd58B4967c5114342a86c', 'bep2Asset': None, 'trc20Contract': None, 'splMint': None, 'creditTo': None, 'spotMargin': True, 'nftQuoteCurrencyEligible': False, 'indexPrice': 15.58640163, 'imageUrl': 'https://static.ftx.com/nfts/330432404138784600.png'}"
OMG,,,0x3d1f5e133c2988d14a0c13bdd2b58d260e74ef9a,1.7163596,,,,,True,"{'id': 'omega-finance', 'symbol': 'omg', 'name': 'Omega Finance', 'platforms': {'ethereum': '0x3d1f5e133c2988d14a0c13bdd2b58d260e74ef9a'}}","{'id': 'OMG', 'name': 'OMG Network', 'collateral': True, 'usdFungible': False, 'isEtf': False, 'isToken': False, 'hidden': False, 'canDeposit': True, 'canWithdraw': True, 'canConvert': True, 'hasTag': False, 'collateralWeight': 0.85, 'initialCollateralWeight': 0.8, 'imfWeight': 1, 'mmfWeight': 1, 'spotMarginImf': 0.29411764705882354, 'spotMarginImfFactor': 0.001, 'fiat': False, 'methods': ['erc20'], 'erc20Contract': '0xd26114cd6EE289AccF82350c8d8487fedB8A0C07', 'bep2Asset': None, 'trc20Contract': None, 'splMint': None, 'creditTo': None, 'spotMargin': True, 'nftQuoteCurrencyEligible': False, 'indexPrice': 1.7163596, 'imageUrl': None}"
PAXG,,,0x45804880de22913dafe09f4980848ece6ecbaf78,1711.60333333,,,,,True,"{'id': 'pax-gold', 'symbol': 'paxg', 'name': 'PAX Gold', 'platforms': {'ethereum': '0x45804880de22913dafe09f4980848ece6ecbaf78', 'energi': '0xbf8afa4663b30c621a5f7497a972fc63c1a06c66', 'harmony-shard-0': '0x7afb0e2eba6dc938945fe0f42484d3b8f442d0ac'}}","{'id': 'PAXG', 'name': 'PAX Gold', 'collateral': True, 'usdFungible': False, 'isEtf': False, 'isToken': False, 'hidden': False, 'canDeposit': True, 'canWithdraw': True, 'canConvert': True, 'hasTag': False, 'collateralWeight': 0.95, 'initialCollateralWeight': 0.9, 'imfWeight': 1, 'mmfWeight': 1, 'spotMarginImf': 0.15789473684210525, 'spotMarginImfFactor': 0.002, 'fiat': False, 'methods': ['erc20'], 'erc20Contract': '0x45804880De22913dAFE09f4980848ECE6EcbAf78', 'bep2Asset': None, 'trc20Contract': None, 'splMint': None, 'creditTo': None, 'spotMargin': True, 'nftQuoteCurrencyEligible': False, 'indexPrice': 1711.60333333, 'imageUrl': 'https://static.ftx.com/nfts/315288783813274064.png'}"
PENN,,,,,,,,,True,,
PFE,,,,,,,,,True,,
PYPL,,,,,,,,,True,"{'id': 'paypal-tokenized-stock-zipmex', 'symbol': 'pypl', 'name': 'Paypal Tokenized Stock Zipmex', 'platforms': {}}",
RAY,,,0x5245c0249e5eeb2a0838266800471fd32adb1089,0.5757,,,,,True,"{'id': 'raydium', 'symbol': 'ray', 'name': 'Raydium', 'platforms': {'solana': '4k3Dyjzvzp8eMZWUXbBCjEvwSkkk59S5iCNLY3QrkX6R'}}","{'id': 'RAY', 'name': 'Raydium', 'collateral': True, 'usdFungible': False, 'isEtf': False, 'isToken': False, 'hidden': False, 'canDeposit': True, 'canWithdraw': True, 'canConvert': True, 'hasTag': False, 'collateralWeight': 0.85, 'initialCollateralWeight': 0.8, 'imfWeight': 1, 'mmfWeight': 1, 'spotMarginImf': 0.29411764705882354, 'spotMarginImfFactor': 0.0005, 'fiat': False, 'methods': ['sol', 'erc20'], 'erc20Contract': '0x5245C0249e5EEB2A0838266800471Fd32Adb1089', 'bep2Asset': None, 'trc20Contract': None, 'splMint': '4k3Dyjzvzp8eMZWUXbBCjEvwSkkk59S5iCNLY3QrkX6R', 'creditTo': None, 'spotMargin': True, 'nftQuoteCurrencyEligible': False, 'indexPrice': 0.5757, 'imageUrl': None}"
REN,,,0x408e41876cccdc0f92210600ef50372656052a38,0.13009267,,,,,True,"{'id': 'republic-protocol', 'symbol': 'ren', 'name': 'REN', 'platforms': {'ethereum': '0x408e41876cccdc0f92210600ef50372656052a38', 'energi': '0x83ab721c8b3dd30ad711460f666371366550c5a7', 'sora': '0x00e8a7823b8207e4cab2e46cd10b54d1be6b82c284037b6ee76afd52c0dceba6', 'harmony-shard-0': '0x451e129b6045b6e4f48e7247388f21163f7743b7'}}","{'id': 'REN', 'name': 'REN', 'collateral': True, 'usdFungible': False, 'isEtf': False, 'isToken': False, 'hidden': False, 'canDeposit': True, 'canWithdraw': True, 'canConvert': True, 'hasTag': False, 'collateralWeight': 0.9, 'initialCollateralWeight': 0.85, 'imfWeight': 1, 'mmfWeight': 1, 'spotMarginImf': 0.2222222222222222, 'spotMarginImfFactor': 0.00025, 'fiat': False, 'methods': ['erc20'], 'erc20Contract': '0x408e41876cCCDC0F92210600ef50372656052a38', 'bep2Asset': None, 'trc20Contract': None, 'splMint': None, 'creditTo': None, 'spotMargin': True, 'nftQuoteCurrencyEligible': False, 'indexPrice': 0.13009267, 'imageUrl': None}"
RSR,,,0x320623b8e4ff03373931769a31fc52a4e78b5d70,0.00938523,,,,,True,"{'id': 'reserve-rights-token', 'symbol': 'rsr', 'name': 'Reserve Rights', 'platforms': {'ethereum': '0x320623b8e4ff03373931769a31fc52a4e78b5d70', 'energi': '0xfce13bb63b60f6e20ed846ae73ed242d29129800'}}","{'id': 'RSR', 'name': 'Reserve Rights', 'collateral': True, 'usdFungible': False, 'isEtf': False, 'isToken': False, 'hidden': False, 'canDeposit': True, 'canWithdraw': True, 'canConvert': True, 'hasTag': False, 'collateralWeight': 0.85, 'initialCollateralWeight': 0.8, 'imfWeight': 1, 'mmfWeight': 1, 'spotMarginImf': 0.29411764705882354, 'spotMarginImfFactor': 0.0001, 'fiat': False, 'methods': ['erc20'], 'erc20Contract': '0x320623b8E4fF03373931769A31Fc52A4E78B5d70', 'bep2Asset': None, 'trc20Contract': None, 'splMint': None, 'creditTo': None, 'spotMargin': True, 'nftQuoteCurrencyEligible': False, 'indexPrice': 0.00938523, 'imageUrl': None}"
SLV,,,0x4c1c4957d22d8f373aed54d0853b090666f6f9de,,,,,,True,"{'id': 'silverway', 'symbol': 'slv', 'name': 'Silverway', 'platforms': {'ethereum': '0x4c1c4957d22d8f373aed54d0853b090666f6f9de'}}",
SNX,,,0xc011a73ee8576fb46f5e1c5751ca3b9fe0af2a6f,2.32149016,,,,,True,"{'id': 'havven', 'symbol': 'snx', 'name': 'Synthetix Network', 'platforms': {'ethereum': '0xc011a73ee8576fb46f5e1c5751ca3b9fe0af2a6f', 'energi': '0xa255461ff545d6ece153283f421d67d2de5d0e29', 'optimistic-ethereum': '0x8700daec35af8ff88c16bdf0418774cb3d7599b4', 'avalanche': '0xbec243c995409e6520d7c41e404da5deba4b209b', 'harmony-shard-0': '0x7b9c523d59aefd362247bd5601a89722e3774dd2', 'fantom': '0x56ee926bd8c72b2d5fa1af4d9e4cbb515a1e3adc', 'polygon-pos': '0x50b728d8d964fd00c2d0aad81718b71311fef68a', 'huobi-token': '0x777850281719d5a96c29812ab72f822e0e09f3da'}}","{'id': 'SNX', 'name': 'Synthetix Network Token', 'collateral': True, 'usdFungible': False, 'isEtf': False, 'isToken': False, 'hidden': False, 'canDeposit': True, 'canWithdraw': True, 'canConvert': True, 'hasTag': False, 'collateralWeight': 0.85, 'initialCollateralWeight': 0.8, 'imfWeight': 1, 'mmfWeight': 1, 'spotMarginImf': 0.29411764705882354, 'spotMarginImfFactor': 0.001, 'fiat': False, 'methods': ['erc20'], 'erc20Contract': '0xC011a73ee8576Fb46F5E1c5751cA3B9Fe0af2a6F', 'bep2Asset': None, 'trc20Contract': None, 'splMint': None, 'creditTo': None, 'spotMargin': True, 'nftQuoteCurrencyEligible': False, 'indexPrice': 2.32149016, 'imageUrl': None}"
SOL,,,,31.5,,,,,True,"{'id': 'solana', 'symbol': 'sol', 'name': 'Solana', 'platforms': {}}",
SPY,,,,,,,,,True,"{'id': 'smarty-pay', 'symbol': 'spy', 'name': 'Smarty Pay', 'platforms': {'binance-smart-chain': '0x17fd3caa66502c6f1cbd5600d8448f3af8f2aba1'}}",
SQ,,,,,,,,,True,,
STETH,,,0xae7ab96520de3a18e5e111b5eaab095312d7fe84,1349.3,,,,,True,"{'id': 'staked-ether', 'symbol': 'steth', 'name': 'Lido Staked Ether', 'platforms': {'ethereum': '0xae7ab96520de3a18e5e111b5eaab095312d7fe84'}}","{'id': 'STETH', 'name': 'Lido Staked Ether', 'collateral': False, 'usdFungible': False, 'isEtf': False, 'isToken': False, 'hidden': False, 'canDeposit': True, 'canWithdraw': True, 'canConvert': True, 'hasTag': False, 'collateralWeight': 0, 'initialCollateralWeight': 0, 'imfWeight': 1, 'mmfWeight': 1, 'spotMarginImf': 0.1, 'spotMarginImfFactor': 0.0012, 'fiat': False, 'methods': ['erc20'], 'erc20Contract': '0xae7ab96520DE3A18E5e111B5EaAb095312D7fE84', 'bep2Asset': None, 'trc20Contract': None, 'splMint': None, 'creditTo': None, 'spotMargin': False, 'nftQuoteCurrencyEligible': False, 'indexPrice': 1349.3, 'imageUrl': 'https://static.ftx.com/nfts/337663569374956191.png'}"
STSOL,,,,33.44,,,,,True,"{'id': 'lido-staked-sol', 'symbol': 'stsol', 'name': 'Lido Staked SOL', 'platforms': {'solana': '7dHbWXmci3dT8UFYWYZweBLXgycu7Y3iL6trKn1Y7ARj'}}",
SUSHI,,,0x6b3595068778dd592e39a122f4f5a5cf09c90fe2,1.20474395,,,,,True,"{'id': 'sushi', 'symbol': 'sushi', 'name': 'Sushi', 'platforms': {'ethereum': '0x6b3595068778dd592e39a122f4f5a5cf09c90fe2', 'energi': '0x32aff6adc46331dac93e608a9cd4b0332d93a23a', 'solana': 'ChVzxWRmrTeSgwd3Ui3UumcN8KX7VK3WaD4KGeSKpypj', 'celo': '0xd15ec721c2a896512ad29c671997dd68f9593226', 'sora': '0x0078f4e6c5113b3d8c954dff62ece8fc36a8411f86f1cbb48a52527e22e73be2', 'arbitrum-one': '0xd4d42f0b6def4ce0383636770ef773390d85c61a', 'avalanche': '0x37b608519f91f70f2eeb0e5ed9af4061722e4f76', 'harmony-shard-0': '0xbec775cb42abfa4288de81f387a9b1a3c4bc552a', 'binance-smart-chain': '0x947950bcc74888a40ffa2593c5798f11fc9124c4', 'fantom': '0xae75a438b2e0cb8bb01ec1e1e376de11d44477cc', 'polygon-pos': '0x0b3f868e0be5597d5db7feb59e1cadbb0fdda50a'}}","{'id': 'SUSHI', 'name': 'Sushi', 'collateral': True, 'usdFungible': False, 'isEtf': False, 'isToken': False, 'hidden': False, 'canDeposit': True, 'canWithdraw': True, 'canConvert': True, 'hasTag': False, 'collateralWeight': 0.95, 'initialCollateralWeight': 0.9, 'imfWeight': 1, 'mmfWeight': 1, 'spotMarginImf': 0.15789473684210525, 'spotMarginImfFactor': 0.0004, 'fiat': False, 'methods': ['erc20', 'sol'], 'erc20Contract': '0x6B3595068778DD592e39A122f4f5a5cF09C90fE2', 'bep2Asset': None, 'trc20Contract': None, 'splMint': 'AR1Mtgh7zAtxuxGd2XPovXPVjcSdY3i4rQYisNadjfKy', 'creditTo': None, 'spotMargin': True, 'nftQuoteCurrencyEligible': False, 'indexPrice': 1.20474395, 'imageUrl': None}"
SXP,,,0x8ce9137d39326ad0cd6491fb5cc0cba0e089b6a9,0.35746349,,,,,True,"{'id': 'swipe', 'symbol': 'sxp', 'name': 'SXP', 'platforms': {'ethereum': '0x8ce9137d39326ad0cd6491fb5cc0cba0e089b6a9', 'harmony-shard-0': '0x77d046614710fddf5ca3e3ce85f4f09f7abc283c', 'binance-smart-chain': '0x47bead2563dcbf3bf2c9407fea4dc236faba485a'}}","{'id': 'SXP', 'name': 'Swipe', 'collateral': True, 'usdFungible': False, 'isEtf': False, 'isToken': False, 'hidden': False, 'canDeposit': True, 'canWithdraw': True, 'canConvert': True, 'hasTag': False, 'collateralWeight': 0.9, 'initialCollateralWeight': 0.85, 'imfWeight': 10, 'mmfWeight': 10, 'spotMarginImf': 0.2222222222222222, 'spotMarginImfFactor': 0.0005, 'fiat': False, 'methods': ['erc20', 'sol', 'bsc'], 'erc20Contract': '0x8CE9137d39326AD0cD6491fb5CC0CbA0e089b6A9', 'bep2Asset': None, 'trc20Contract': None, 'splMint': 'SF3oTvfWzEP3DTwGSvUXRrGTvr75pdZNnBLAH9bzMuX', 'creditTo': None, 'spotMargin': True, 'nftQuoteCurrencyEligible': False, 'indexPrice': 0.35746349, 'imageUrl': None}"
TLRY,,,,,,,,,True,,
TOMO,,,0x05d3606d5c81eb9b7b18530995ec9b29da05faba,0.45357195,,,,,True,"{'id': 'tomochain', 'symbol': 'tomo', 'name': 'TomoChain', 'platforms': {}}","{'id': 'TOMO', 'name': 'TomoChain', 'collateral': True, 'usdFungible': False, 'isEtf': False, 'isToken': False, 'hidden': False, 'canDeposit': True, 'canWithdraw': True, 'canConvert': True, 'hasTag': False, 'collateralWeight': 0.85, 'initialCollateralWeight': 0.8, 'imfWeight': 2, 'mmfWeight': 2, 'spotMarginImf': 0.29411764705882354, 'spotMarginImfFactor': 0.0005, 'fiat': False, 'methods': ['erc20', 'sol'], 'erc20Contract': '0x05D3606d5c81EB9b7B18530995eC9B29da05FaBa', 'bep2Asset': None, 'trc20Contract': None, 'splMint': 'GXMvfY2jpQctDqZ9RoU3oWPhufKiCcFEfchvYumtX7jd', 'creditTo': None, 'spotMargin': True, 'nftQuoteCurrencyEligible': False, 'indexPrice': 0.45357195, 'imageUrl': 'https://static.ftx.com/nfts/304666950135213231.png'}"
TRX,,,,0.063411,,,,,True,"{'id': 'tron', 'symbol': 'trx', 'name': 'TRON', 'platforms': {}}",
TRYB,,,0x2c537e5624e4af88a7ae4060c022609376c8d0eb,0.05328,,,,,True,"{'id': 'bilira', 'symbol': 'tryb', 'name': 'BiLira', 'platforms': {'ethereum': '0x2c537e5624e4af88a7ae4060c022609376c8d0eb', 'polygon-pos': '0x4fb71290ac171e1d144f7221d882becac7196eb5', 'solana': 'A94X2fRy3wydNShU4dRaDyap2UuoeWJGWyATtyp61WZf', 'binance-smart-chain': '0xc1fdbed7dac39cae2ccc0748f7a80dc446f6a594', 'avalanche': '0x564a341df6c126f90cf3ecb92120fd7190acb401'}}","{'id': 'TRYB', 'name': 'BiLira', 'collateral': True, 'usdFungible': False, 'isEtf': False, 'isToken': False, 'hidden': False, 'canDeposit': True, 'canWithdraw': True, 'canConvert': True, 'hasTag': False, 'collateralWeight': 0.9, 'initialCollateralWeight': 0.85, 'imfWeight': 5, 'mmfWeight': 5, 'spotMarginImf': 0.2222222222222222, 'spotMarginImfFactor': 1e-05, 'fiat': False, 'methods': ['erc20', 'sol'], 'erc20Contract': '0x2C537E5624e4af88A7ae4060C022609376C8D0EB', 'bep2Asset': None, 'trc20Contract': None, 'splMint': 'A94X2fRy3wydNShU4dRaDyap2UuoeWJGWyATtyp61WZf', 'creditTo': None, 'spotMargin': True, 'nftQuoteCurrencyEligible': False, 'indexPrice': 0.05328, 'imageUrl': 'https://static.ftx.com/nfts/295738454805368784.png'}"
TSLA,,,0x110fe5f21c1edd4f03a6e0de0d96d0c2eed0b9cc,,,,,,True,"{'id': 'tessla-coin', 'symbol': 'tsla', 'name': 'Tessla Coin', 'platforms': {'ethereum': '0x110fe5f21c1edd4f03a6e0de0d96d0c2eed0b9cc'}}",
TSM,,,,,,,,,True,,
TWTR,,,,,,,,,True,"{'id': 'twitter-tokenized-stock-zipmex', 'symbol': 'twtr', 'name': 'Twitter Tokenized Stock Zipmex', 'platforms': {}}",
UBER,,,,,,,,,True,,
UNI,,,0x2730d6fdc86c95a74253beffaa8306b40fedecbb,6.77324907,,,,,True,"{'id': 'unicorn-token', 'symbol': 'uni', 'name': 'UNICORN', 'platforms': {'ethereum': '0x2730d6fdc86c95a74253beffaa8306b40fedecbb'}}","{'id': 'UNI', 'name': 'Uniswap Protocol Token', 'collateral': True, 'usdFungible': False, 'isEtf': False, 'isToken': False, 'hidden': False, 'canDeposit': True, 'canWithdraw': True, 'canConvert': True, 'hasTag': False, 'collateralWeight': 0.95, 'initialCollateralWeight': 0.9, 'imfWeight': 1, 'mmfWeight': 1, 'spotMarginImf': 0.15789473684210525, 'spotMarginImfFactor': 0.0005, 'fiat': False, 'methods': ['erc20', 'sol'], 'erc20Contract': '0x1f9840a85d5aF5bf1D1762F925BDADdC4201F984', 'bep2Asset': None, 'trc20Contract': None, 'splMint': 'DEhAasscXF4kEGxFgJ3bq4PpVGp5wyUxMRvn6TzGVHaw', 'creditTo': None, 'spotMargin': True, 'nftQuoteCurrencyEligible': False, 'indexPrice': 6.77324907, 'imageUrl': 'https://static.ftx.com/nfts/541632911586987004.png'}"
USD,,,0x44086035439e676c02d411880fccb9837ce37c57,,,,,,True,"{'id': 'uniswap-state-dollar', 'symbol': 'usd', 'name': 'unified Stable Dollar', 'platforms': {'ethereum': '0x44086035439e676c02d411880fccb9837ce37c57'}}",
USDT,,,0xdac17f958d2ee523a2206206994597c13d831ec7,1.00016667,,,,,True,"{'id': 'tether', 'symbol': 'usdt', 'name': 'Tether', 'platforms': {'ethereum': '0xdac17f958d2ee523a2206206994597c13d831ec7', 'velas': '0xb44a9b6905af7c801311e8f4e76932ee959c663c', 'ethereumpow': '0x2ad7868ca212135c6119fd7ad1ce51cfc5702892', 'xdai': '0x4ecaba5870353805a9f068101a40e0f32ed605c6', 'tron': 'TR7NHqjeKQxGTCi8q8ZY4pL8otSzgjLj6t', 'canto': '0xd567b3d7b8fe3c79a1ad8da978812cfc4fa05e75', 'bitgert': '0xde14b85cf78f2add2e867fee40575437d5f10c06', 'kava': '0xb44a9b6905af7c801311e8f4e76932ee959c663c', 'avalanche': '0x9702230a8ea53601f5cd2dc00fdbc13d4df4a8c7', 'astar': '0x3795c36e7d12a8c252a20c5a7b455f7c57b60283', 'conflux': '0xfe97e85d13abd9c1c33384e796f10b73905637ce', 'milkomeda-cardano': '0x80a16016cc4a2e6a2caca8a4a498b1699ff0f844', 'syscoin': '0x922d641a426dcffaef11680e5358f34d97d112e1', 'telos': '0xefaeee334f0fd1712f9a8cc375f427d9cdd40d73', 'moonbeam': '0xefaeee334f0fd1712f9a8cc375f427d9cdd40d73', 'fantom': '0x049d68029688eabf473097a2fc38ef61633a3c7a', 'harmony-shard-0': '0x3c2b8be99c50593081eaa2a724f0b8285f5aba8f', 'tomochain': '0x381b31409e4d220919b2cff012ed94d70135a59e', 'kardiachain': '0x551a5dcac57c66aa010940c2dcff5da9c53aa53b', 'meter': '0x5fa41671c48e3c951afc30816947126ccc8c162e', 'fuse': '0xfadbbf8ce7d5b7041be672561bba99f79c532e10', 'cronos': '0x66e428c3f67a68878562e79a0234c1f83c208770', 'metis-andromeda': '0xbb06dca3ae6887fabf931640f67cab3e3a16f4dc', 'boba': '0x5de1677344d3cb0d7d465c10b72a8f60699c062d', 'aurora': '0x4988a896b1227218e4a686fde5eabdcabd91571f', 'optimistic-ethereum': '0x94b008aa00579c1307b0ef2c499ad98a8ce58e58', 'moonriver': '0xb44a9b6905af7c801311e8f4e76932ee959c663c', 'okex-chain': '0x382bb369d343125bfb2117af9c149795c6c65c50', 'arbitrum-one': '0xfd086bc7cd5c481dcc9c85ebe478a1c0b69fcbb9', 'kucoin-community-chain': '0x0039f574ee5cc39bdd162e9a88e3eb1f111baf48', 'iotex': '0x3cdb7c48e70b854ed2fa392e21687501d84b3afc', 'solana': 'Es9vMFrzaCERmJfrF4H2FYD4KCoNkY11McCe8BenwNYB', 'binance-smart-chain': '0x55d398326f99059ff775485246999027b3197955', 'huobi-token': '0xa71edc38d189767582c38a3145b5873052c3e47a', 'polygon-pos': '0xc2132d05d31c914a87c6611c10748aeb04b58e8f'}}","{'id': 'USDT', 'name': 'USD Tether', 'collateral': True, 'usdFungible': False, 'isEtf': False, 'isToken': False, 'hidden': False, 'canDeposit': True, 'canWithdraw': True, 'canConvert': True, 'hasTag': False, 'collateralWeight': 0.975, 'initialCollateralWeight': 0.95, 'imfWeight': 1, 'mmfWeight': 1, 'spotMarginImf': 0.1282051282051282, 'spotMarginImfFactor': 5e-06, 'fiat': False, 'methods': ['erc20', 'sol', 'bsc', 'avax', 'trx'], 'erc20Contract': '0xdAC17F958D2ee523a2206206994597C13D831ec7', 'bep2Asset': None, 'trc20Contract': 'TR7NHqjeKQxGTCi8q8ZY4pL8otSzgjLj6t', 'splMint': 'Es9vMFrzaCERmJfrF4H2FYD4KCoNkY11McCe8BenwNYB', 'creditTo': None, 'spotMargin': True, 'nftQuoteCurrencyEligible': False, 'indexPrice': 1.00016667, 'imageUrl': None}"
USO,,,,,,,,,True,,
USTC,,,,0.03738797,,,,,True,"{'id': 'terrausd', 'symbol': 'ustc', 'name': 'TerraClassicUSD', 'platforms': {'terra': 'uusd'}}",
WBTC,,,0x2260fac5e5542a773aa44fbcfedf7c193bc2c599,20197.0,,,,,True,"{'id': 'wrapped-bitcoin', 'symbol': 'wbtc', 'name': 'Wrapped Bitcoin', 'platforms': {'ethereum': '0x2260fac5e5542a773aa44fbcfedf7c193bc2c599', 'hydra': '27a459ac47204f1e7fc5c48ffeafa990af244e13', 'step-network': '0xb44a9b6905af7c801311e8f4e76932ee959c663c', 'klay-token': '0xdcbacf3f7a069922e677912998c8d57423c37dfa', 'velas': '0x639a647fbe20b6c8ac19e48e2de44ea792c62c5c', 'cube': '0x040ea5c10e6ba4badb6c433a365ccc4968697230', 'kava': '0x818ec0a7fe18ff94269904fced6ae3dae6d6dc0b', 'metis-andromeda': '0xa5b55ab1daf0f8e1efc0eb1931a957fd89b918f4', 'astar': '0xad543f18cff85c77e140e3e5e3c3392f6ba9d5ca', 'conflux': '0x1f545487c62e5acfea45dcadd9c627361d1616d8', 'energi': '0x29a791703e5a5a8d1578f8611b4d3691377cebc0', 'milkomeda-cardano': '0x6ab6d61428fde76768d7b45d8bfeec19c6ef91a8', 'syscoin': '0xc9baa8cfdde8e328787e29b4b078abf2dadc2055', 'telos': '0xf390830df829cf22c53c8840554b98eafc5dcbc2', 'moonbeam': '0x922d641a426dcffaef11680e5358f34d97d112e1', 'meter': '0xc1f6c86abee8e2e0b6fd5bd80f0b51fef783635c', 'fuse': '0x33284f95ccb7b948d9d352e1439561cf83d8d00d', 'xdai': '0x8e5bbbb09ed1ebde8674cda39a0c169401db4252', 'optimistic-ethereum': '0x68f180fcce6836688e9084f035309e29bf0a2095', 'aurora': '0xf4eb217ba2454613b15dbdea6e5f22276410e89e', 'cronos': '0x062e66477faf219f25d27dced647bf57c3107d52', 'boba': '0xdc0486f8bf31df57a952bcd3c1d3e166e3d9ec8b', 'celo': '0xd629eb00deced2a080b7ec630ef6ac117e614f1b', 'sora': '0x002c48630dcb8c75cc36162cbdbc8ff27b843973b951ba9b6e260f869d45bcdc', 'moonriver': '0x6ab6d61428fde76768d7b45d8bfeec19c6ef91a8', 'arbitrum-one': '0x2f2a2543b76a4166549f7aab2e75bef0aefc5b0f', 'avalanche': '0x50b7545627a5162f82a992c33b87adc75187b218', 'tomochain': '0x503b2ddc059b81788fd1239561596614b27faade', 'harmony-shard-0': '0x3095c7557bcb296ccc6e363de01b760ba031f2d9', 'fantom': '0x321162cd933e2be498cd2267a90534a804051b11', 'polygon-pos': '0x1bfd67037b42cf73acf2047067bd4f2c47d9bfd6'}}","{'id': 'WBTC', 'name': 'Wrapped BTC', 'collateral': True, 'usdFungible': False, 'isEtf': False, 'isToken': False, 'hidden': False, 'canDeposit': True, 'canWithdraw': True, 'canConvert': True, 'hasTag': False, 'collateralWeight': 0.975, 'initialCollateralWeight': 0.95, 'imfWeight': 1, 'mmfWeight': 1, 'spotMarginImf': 0.1282051282051282, 'spotMarginImfFactor': 0.005, 'fiat': False, 'methods': ['erc20'], 'erc20Contract': '0x2260FAC5E5542a773Aa44fBCfeDf7C193bc2C599', 'bep2Asset': None, 'trc20Contract': None, 'splMint': None, 'creditTo': None, 'spotMargin': True, 'nftQuoteCurrencyEligible': False, 'indexPrice': 20197, 'imageUrl': 'https://static.ftx.com/nfts/374939960674335598.png'}"
WNDR,,,,,,,,,True,"{'id': 'wonderfi-tokenized-stock', 'symbol': 'wndr', 'name': 'WonderFi Tokenized Stock', 'platforms': {}}",
XAUT,,,0x68749665ff8d2d112fa859aa293f07a622782f38,1713.092825,,,,,True,"{'id': 'tether-gold', 'symbol': 'xaut', 'name': 'Tether Gold', 'platforms': {'ethereum': '0x68749665ff8d2d112fa859aa293f07a622782f38'}}","{'id': 'XAUT', 'name': 'Tether Gold', 'collateral': True, 'usdFungible': False, 'isEtf': False, 'isToken': False, 'hidden': False, 'canDeposit': True, 'canWithdraw': True, 'canConvert': True, 'hasTag': False, 'collateralWeight': 0.95, 'initialCollateralWeight': 0.9, 'imfWeight': 1, 'mmfWeight': 1, 'spotMarginImf': 0.15789473684210525, 'spotMarginImfFactor': 0.002, 'fiat': False, 'methods': ['erc20'], 'erc20Contract': '0x68749665FF8D2d112Fa859AA293F07A622782F38', 'bep2Asset': None, 'trc20Contract': None, 'splMint': None, 'creditTo': None, 'spotMargin': True, 'nftQuoteCurrencyEligible': False, 'indexPrice': 1713.092825, 'imageUrl': None}"
XRP,,,,0.468129,,,,,True,"{'id': 'binance-peg-xrp', 'symbol': 'xrp', 'name': 'Binance-Peg XRP', 'platforms': {'binance-smart-chain': '0x1d2f0da169ceb9fc7b3144628db156f3f6c60dbe'}}",
YFI,,,0x0bc529c00c6401aef6d220be8c6ea1667f6ad93e,8320.03983333,,,,,True,"{'id': 'yearn-finance', 'symbol': 'yfi', 'name': 'yearn.finance', 'platforms': {'ethereum': '0x0bc529c00c6401aef6d220be8c6ea1667f6ad93e', 'energi': '0x2726dd5efb3a209a54c512e9562a2045b8f45dbc', 'sora': '0x002676c3edea5b08bc0f9b6809a91aa313b7da35e28b190222e9dc032bf1e662', 'arbitrum-one': '0x82e3a8f066a6989666b031d916c43672085b1582', 'fantom': '0x29b0da86e484e1c0029b56e817912d778ac0ec69', 'avalanche': '0x9eaac1b23d935365bd7b542fe22ceee2922f52dc', 'harmony-shard-0': '0xa0dc05f84a27fccbd341305839019ab86576bc07', 'polygon-pos': '0xda537104d6a5edd53c6fbba9a898708e465260b6', 'huobi-token': '0xb4f019beac758abbee2f906033aaa2f0f6dacb35', 'xdai': '0xbf65bfcb5da067446cee6a706ba3fe2fb1a9fdfd'}}","{'id': 'YFI', 'name': 'Yearn.Finance', 'collateral': True, 'usdFungible': False, 'isEtf': False, 'isToken': False, 'hidden': False, 'canDeposit': True, 'canWithdraw': True, 'canConvert': True, 'hasTag': False, 'collateralWeight': 0.9, 'initialCollateralWeight': 0.85, 'imfWeight': 1, 'mmfWeight': 1, 'spotMarginImf': 0.2222222222222222, 'spotMarginImfFactor': 0.015, 'fiat': False, 'methods': ['erc20', 'sol'], 'erc20Contract': '0x0bc529c00C6401aEF6D220BE8C6Ea1667F6Ad93e', 'bep2Asset': None, 'trc20Contract': None, 'splMint': '3JSf5tPeuscJGtaCp5giEiDhv51gQ4v3zWg8DGgyLfAB', 'creditTo': None, 'spotMargin': True, 'nftQuoteCurrencyEligible': False, 'indexPrice': 8320.03983333, 'imageUrl': None}"
ZM,,,,,,,,,True,"{'id': 'zoomswap', 'symbol': 'zm', 'name': 'ZoomSwap', 'platforms': {'iotex': '0xf87aed04889a1dd0159d9c22b0d57b345ab16ddd'}}",
