symbol,name,address,market_cap
BTC,BITCOIN,,383545965708.0
ETH,ETHEREUM,,160968847220.0
USDT,TETHER,,68111712488.0
BNB,BNB,,47857023820.0
USDC,USD COIN,,46589442394.0
XRP,XRP,,24445537510.0
BUSD,BINANCE USD,,21156841379.0
ADA,CARDANO,,14498712935.0
SOL,SOLANA,,11975740281.0
DOGE,DOGECOIN,,8466854537.0
DOT,POLKADOT,,7333678658.0
SHIB,SHIBA INU,,6681256536.0
DAI,DAI,,6360852006.0
MATIC,POLYGON,,6295905447.0
STETH,LIDO STAKED ETHER,,5832535609.0
TRX,TRON,,5754577107.0
UNI,UNISWAP,,5074612741.0
AVAX,AVALANCHE,,5061704102.0
WBTC,WRAPPED BITCOIN,,4893482809.0
LEO,LEO TOKEN,,3917460830.0
OKB,OKB,,3900494581.0
LTC,LITECOIN,,3850168941.0
LINK,CHAINLINK,,3840741933.0
ETC,ETHEREUM CLASSIC,,3762546607.0
ATOM,COSMOS HUB,,3743286396.0
FTT,FTX,,3292901126.0
XLM,STELLAR,,3045571962.0
NEAR,NEAR PROTOCOL,,2905114542.0
CRO,CRONOS,,2773602273.0
XMR,MONERO,,2640091487.0
ALGO,ALGORAND,,2453557530.0
BCH,BITCOIN CASH,,2319813626.0
LUNC,TERRA LUNA CLASSIC,,2046008655.0
QNT,QUANT,,1850131496.0
FLOW,FLOW,,1736168380.0
VET,VECHAIN,,1715844479.0
APE,APECOIN,,1617636065.0
FIL,FILECOIN,,1616459810.0
ICP,INTERNET COMPUTER,,1567275484.0
XCN,CHAIN,,1516074681.0
HBAR,HEDERA,,1398460964.0
FRAX,FRAX,,1356652054.0
EGLD,ELROND,,1303382413.0
XTZ,TEZOS,,1287432559.0
SAND,THE SANDBOX,,1272432471.0
MANA,DECENTRALAND,,1266989376.0
EOS,EOS,,1179125278.0
AXS,AXIE INFINITY,,1152773077.0
CHZ,CHILIZ,,1142733039.0
AAVE,AAVE,,1091505651.0
THETA,THETA NETWORK,,1065872705.0
LDO,LIDO DAO,,1005589484.0
CUSDC,CUSDC,,948460093.0
BSV,BITCOIN SV,,938908420.0
USDP,PAX DOLLAR,,917077736.0
TUSD,TRUEUSD,,893471504.0
KCS,KUCOIN,,888075845.0
TKX,TOKENIZE XCHANGE,,829550797.0
XEC,ECASH,,810121431.0
USDD,USDD,,786781296.0
MKR,MAKER,,774068432.0
MIOTA,IOTA,,755255942.0
BTT,BITTORRENT,,742374467.0
ZEC,ZCASH,,732698364.0
GRT,THE GRAPH,,728627412.0
HNT,HELIUM,,716720960.0
CAKE,PANCAKESWAP,,653675323.0
GT,GATE,,638807235.0
NEO,NEO,,609151522.0
CDAI,CDAI,,596458575.0
XRD,RADIX,,586898096.0
KLAY,KLAYTN,,573847335.0
CEL,CELSIUS NETWORK,,571239165.0
FTM,FANTOM,,568061625.0
SNX,SYNTHETIX NETWORK,,549215913.0
CETH,CETH,,547109009.0
HT,HUOBI,,536905844.0
PAXG,PAX GOLD,,516745679.0
BIT,BITDAO,,514979124.0
OSMO,OSMOSIS,,497051280.0
NEXO,NEXO,,495228738.0
RUNE,THORCHAIN,,488338955.0
EVMOS,EVMOS,,487053999.0
AR,ARWEAVE,,467478228.0
ZIL,ZILLIQA,,466599483.0
RPL,ROCKET POOL,,461545271.0
DASH,DASH,,457136962.0
BAT,BASIC ATTENTION,,451969961.0
ENJ,ENJIN COIN,,449452673.0
KAVA,KAVA,,442042456.0
STX,STACKS,,433814155.0
ENS,ETHEREUM NAME SERVICE,,420176433.0
XDC,XDC NETWORK,,418760807.0
LUNA,TERRA,,417743956.0
XAUT,TETHER GOLD,,416951131.0
DFI,DEFICHAIN,,413628094.0
MINA,MINA PROTOCOL,,410269768.0
RVN,RAVENCOIN,,406183243.0
COMP,COMPOUND,,402530854.0
TWT,TRUST WALLET,,398081712.0
GMX,GMX,,396072657.0
AMP,AMP,,391013526.0
RSR,RESERVE RIGHTS,,390848029.0
CUSDT,CUSDT,,386034215.0
KSM,KUSAMA,,383394165.0
DCR,DECRED,,381145031.0
WAVES,WAVES,,378627594.0
CVX,CONVEX FINANCE,,377915436.0
GMT,STEPN,,371522731.0
XEM,NEM,,369378736.0
LRC,LOOPRING,,364111434.0
CELO,CELO,,359665268.0
HOT,HOLO,,358658366.0
BTG,BITCOIN GOLD,,357720063.0
OMI,ECOMI,,353174086.0
CRV,CURVE DAO,,347473588.0
GUSD,GEMINI DOLLAR,,339093960.0
1INCH,1INCH,,337142920.0
MEX,MAIAR DEX,,334483112.0
FXS,FRAX SHARE,,313224455.0
CSPR,CASPER NETWORK,,307841048.0
GALA,GALA,,307288555.0
TFUEL,THETA FUEL,,307090689.0
ROSE,OASIS NETWORK,,301978010.0
GNO,GNOSIS,,296790257.0
QTUM,QTUM,,296749095.0
NXM,NEXUS MUTUAL,,295440258.0
USTC,TERRACLASSICUSD,,291197605.0
SRM,SERUM,,288639347.0
SAFEMOON,SAFEMOON [OLD],,277800683.0
KDA,KADENA,,277135628.0
IOST,IOST,,276483104.0
OHM,OLYMPUS,,274307122.0
GLM,GOLEM,,263727147.0
IOTX,IOTEX,,263617013.0
HBTC,HUOBI BTC,,261146417.0
YFI,YEARN.FINANCE,,257202522.0
BRISE,BITGERT,,253812722.0
ANKR,ANKR,,250794832.0
MSOL,MARINADE STAKED SOL,,248551546.0
10SET,TENSET,,246112416.0
OKT,OKC,,244382315.0
ONE,HARMONY,,239664316.0
CVXCRV,CONVEX CRV,,239609237.0
LPT,LIVEPEER,,238248228.0
OMG,OMG NETWORK,,238208872.0
JUNO,JUNO,,237355032.0
SYN,SYNAPSE,,234956479.0
ELG,ESCOIN,,228752259.0
FLUX,FLUX,,227011905.0
POLY,POLYMATH,,226965119.0
ZRX,0X,,226382011.0
SUSHI,SUSHI,,224069594.0
JST,JUST,,223360787.0
DAG,CONSTELLATION,,218721043.0
ICX,ICON,,211041211.0
BABYDOGE,BABY DOGE COIN,,206806589.0
MIM,MAGIC INTERNET MONEY,,205322295.0
EURT,EURO TETHER,,203492944.0
ONT,ONTOLOGY,,196157559.0
RETH,ROCKET POOL ETH,,194383789.0
MC,MERIT CIRCLE,,192050327.0
NU,NUCYPHER,,190330609.0
BAL,BALANCER,,188202768.0
WAXP,WAX,,187457652.0
HIVE,HIVE,,186887669.0
CHSB,SWISSBORG,,185835356.0
LN,LINK,,185656508.0
IMX,IMMUTABLE X,,185033174.0
GLMR,MOONBEAM,,183929292.0
OP,OPTIMISM,,182049239.0
XCH,CHIA,,179200569.0
SC,SIACOIN,,179096665.0
XCM,COINMETRO,,178995917.0
SXP,SXP,,178398701.0
ZEN,HORIZEN,,178111037.0
ALUSD,ALCHEMIX USD,,177817614.0
AUDIO,AUDIUS,,175474649.0
LUSD,LIQUITY USD,,175131280.0
EWT,ENERGY WEB,,170347941.0
SCRT,SECRET,,167599513.0
MXC,MXC,,164983969.0
ERG,ERGO,,164722554.0
SGB,SONGBIRD,,163402583.0
SFM,SAFEMOON,,162346615.0
VGX,VOYAGER VGX,,160924026.0
WOO,WOO NETWORK,,160294819.0
VVS,VVS FINANCE,,159979680.0
DYDX,DYDX,,159013981.0
DAO,DAO MAKER,,158582451.0
UMA,UMA,,158448033.0
SKL,SKALE,,153775830.0
PLA,PLAYDAPP,,153425160.0
DESO,DECENTRALIZED SOCIAL,,150363584.0
DGB,DIGIBYTE,,149266362.0
RNDR,RENDER,,147754843.0
NFT,APENFT,,147136404.0
CET,COINEX,,143515043.0
INJ,INJECTIVE,,143098295.0
COTI,COTI,,138904354.0
LSK,LISK,,138846372.0
STSOL,LIDO STAKED SOL,,138592311.0
SLP,SMOOTH LOVE POTION,,138317141.0
ELON,DOGELON MARS,,137353615.0
RBN,RIBBON FINANCE,,136000171.0
ASTR,ASTAR,,134159750.0
TAMA,TAMADOGE,,131707955.0
PUNDIX,PUNDI X,,131056272.0
FX,FUNCTION X,,129478044.0
REN,REN,,128311767.0
VLX,VELAS,,125395214.0
CKB,NERVOS NETWORK,,124428240.0
USDN,NEUTRINO USD,,122546640.0
EURS,STASIS EURO,,121190813.0
KIRO,KIROBO,,119964465.0
COC,COIN OF THE CHAMPIONS,,118614475.0
KUB,BITKUB COIN,,118427739.0
NEST,NEST PROTOCOL,,118426450.0
LOOKS,LOOKSRARE,,117947746.0
CEEK,CEEK SMART VR,,117428191.0
KNC,KYBER NETWORK CRYSTAL,,116733806.0
PEOPLE,CONSTITUTIONDAO,,112234352.0
API3,API3,,112172230.0
METIS,METIS,,111445633.0
UQC,UQUID COIN,,110984950.0
SNT,STATUS,,110860666.0
SYS,SYSCOIN,,110741004.0
MPL,MAPLE,,110406709.0
PLTC,PLATONCOIN,,109004000.0
TSUKA,DEJITARU TSUKA,,107481672.0
NMR,NUMERAIRE,,106003899.0
XNO,NANO,,105492933.0
PROM,PROM,,105243314.0
USDX,USDX,,104386934.0
MED,MEDIBLOC,,103790029.0
SPELL,SPELL,,103385924.0
ORBS,ORBS,,103278880.0
TEMPLE,TEMPLEDAO,,103004808.0
CVC,CIVIC,,101924346.0
PLT,POOLLOTTO.FINANCE,,100851405.0
MBOX,MOBOX,,100392512.0
MVL,MVL,,100277816.0
PYR,VULCAN FORGED,,99867271.0
WIN,WINKLINK,,99842063.0
TRIBE,TRIBE,,99501824.0
TITAN,TITANSWAP,,98995795.0
BOBA,BOBA NETWORK,,98303369.0
ACA,ACALA,,98005841.0
WCFG,WRAPPED CENTRIFUGE,,97567921.0
BTSE,BTSE TOKEN,,97366382.0
VERI,VERITASEUM,,96740845.0
ALICE,MY NEIGHBOR ALICE,,96286903.0
REEF,REEF,,96156948.0
CFG,CENTRIFUGE,,95937671.0
ARDR,ARDOR,,95539435.0
EXRD,E-RADIX,,93961871.0
GAL,GALXE,,93659215.0
RACA,RADIO CACA,,92925147.0
WRX,WAZIRX,,92308656.0
RAD,RADICLE,,91933875.0
MX,MX,,91556717.0
RLC,IEXEC RLC,,91518912.0
UOS,ULTRA,,91443474.0
KUJI,KUJIRA,,90989914.0
CHR,CHROMIA,,90578712.0
C98,COIN98,,89989550.0
STEEM,STEEM,,89064549.0
DENT,DENT,,88775023.0
POKT,POCKET NETWORK,,88225629.0
FOLD,MANIFOLD FINANCE,,88085649.0
CTSI,CARTESI,,88018586.0
CFX,CONFLUX,,87698998.0
CELR,CELER NETWORK,,87011475.0
SAVAX,BENQI LIQUID STAKED AVAX,,86130451.0
ASD,ASCENDEX,,85731431.0
DKA,DKARGO,,85425491.0
XYO,XYO NETWORK,,85395611.0
BSW,BISWAP,,85237822.0
AURORA,AURORA,,84986988.0
BNT,BANCOR NETWORK,,83947057.0
SETH2,SETH2,,83660517.0
GFARM2,GAINS FARM,,83356985.0
POWR,POWER LEDGER,,83214250.0
XPRT,PERSISTENCE,,82353920.0
BONE,BONE SHIBASWAP,,82317683.0
HXRO,HXRO,,81955700.0
BICO,BICONOMY,,81342636.0
REQ,REQUEST,,81167996.0
HUSD,HUSD,,80569435.0
TEL,TELCOIN,,79328574.0
MAGIC,MAGIC,,79007167.0
RAY,RAYDIUM,,78696206.0
CDT,BLOX,,78536455.0
PLEX,PLEX,,78482387.0
KEEP,KEEP NETWORK,,78242623.0
FUN,FUN,,78207289.0
SSV,SSV NETWORK,,78141731.0
NRV,NERVE FINANCE,,77747624.0
FLEXUSD,FLEXUSD,,77415682.0
VTHO,VETHOR,,76742341.0
XSUSHI,XSUSHI,,76442512.0
DEL,DECIMAL,,76402811.0
EMAID,MAIDSAFECOIN,,76302113.0
BDX,BELDEX,,76294544.0
MLK,MIL.K ALLIANCE,,76138501.0
KILT,KILT PROTOCOL,,75587641.0
EUROC,EURO COIN,,75540143.0
ARRR,PIRATE CHAIN,,75058190.0
XVS,VENUS,,75053508.0
OGN,ORIGIN PROTOCOL,,74944252.0
CTK,SHENTU,,74709672.0
JOE,JOE,,74501660.0
LYXE,LUKSO,,74316827.0
FLOKI,FLOKI INU,,73911564.0
SWEAT,SWEATCOIN - SWEAT ECONOMY,,73769450.0
QKC,QUARKCHAIN,,72813436.0
STRAX,STRATIS,,72803693.0
SFUND,SEEDIFY.FUND,,72787585.0
TLM,ALIEN WORLDS,,72738780.0
ILV,ILLUVIUM,,72533730.0
RLY,RALLY,,72116337.0
TON,TOKAMAK NETWORK,,71906784.0
AETHC,ANKR REWARD-BEARING STAKED ETH,,71433102.0
SUSD,SUSD,,70934854.0
DOCK,DOCK,,70448413.0
STPT,STP,,69951948.0
STG,STARGATE FINANCE,,69572081.0
SHR,SHARE,,69453171.0
CCD,CONCORDIUM,,69432488.0
MULTI,MULTICHAIN,,69272119.0
ITAMCUBE,CUBE,,69188000.0
EVER,EVERSCALE,,69133269.0
PCX,CHAINX,,68530128.0
BTCST,BTC STANDARD HASHRATE TOKEN,,68275924.0
MTL,METAL,,68149759.0
FIDU,FIDU,,68000069.0
ANT,ARAGON,,67723578.0
BFC,BIFROST,,67498559.0
SANTOS,SANTOS FC FAN TOKEN,,66724882.0
STMX,STORMX,,66707412.0
EUL,EULER,,66650422.0
OCEAN,OCEAN PROTOCOL,,66632426.0
TRAC,ORIGINTRAIL,,66578963.0
YGG,YIELD GUILD GAMES,,66240725.0
GNS,GAINS NETWORK,,64908180.0
RENBTC,RENBTC,,64847944.0
REV,REVAIN,,64780836.0
STORJ,STORJ,,64733012.0
ARK,ARK,,64683226.0
BETA,BETA FINANCE,,63989847.0
SURE,INSURE DEFI,,63621719.0
BITCI,BITCICOIN,,63017440.0
ADS,ADSHARES,,62990092.0
SX,SX NETWORK,,62258961.0
CTC,CREDITCOIN,,62054178.0
LQTY,LIQUITY,,62016661.0
MOVR,MOONRIVER,,61086322.0
SAITAMA,SAITAMA,,60932740.0
ELF,AELF,,60344593.0
NKN,NKN,,59357456.0
FEI,FEI USD,,59189561.0
XIDO,XIDO FINANCE,,58728265.0
RIDE,HOLORIDE,,58437004.0
HEZ,HERMEZ NETWORK,,58360393.0
BADGER,BADGER DAO,,58080248.0
OXT,ORCHID PROTOCOL,,57667714.0
IQ,EVERIPEDIA,,57561499.0
ACH,ALCHEMY PAY,,57477435.0
CORE,CVAULT.FINANCE,,57160623.0
DAWN,DAWN PROTOCOL,,57143519.0
MDX,MDEX,,56539133.0
TCR,TRACER DAO,,56505612.0
DIVI,DIVI,,56185428.0
XVG,VERGE,,56111845.0
H2O,H2O DAO,,56072767.0
DODO,DODO,,56003627.0
MTRG,METER GOVERNANCE,,55943133.0
FET,FETCH.AI,,55824590.0
STRK,STRIKE,,55736031.0
UTK,UTRUST,,55388316.0
MASK,MASK NETWORK,,55262630.0
EFI,EFINITY,,55151636.0
ETN,ELECTRONEUM,,54838835.0
REP,AUGUR,,54448911.0
SUN,SUN TOKEN,,54301665.0
BOR,BORINGDAO [OLD],,54184978.0
XMON,XMON,,54048866.0
META,METADIUM,,53915828.0
XSGD,XSGD,,53846927.0
AGIX,SINGULARITYNET,,53228439.0
DUSK,DUSK NETWORK,,52938703.0
AERGO,AERGO,,52732784.0
RIF,RSK INFRASTRUCTURE FRAMEWORK,,52629703.0
WOZX,EFFORCE,,52053305.0
WMT,WORLD MOBILE TOKEN,,51857698.0
BOND,BARNBRIDGE,,51783462.0
ALPHA,ALPHA VENTURE DAO,,51700412.0
GHST,AAVEGOTCHI,,51687510.0
TALK,TALKEN,,51292569.0
CUSD,CELO DOLLAR,,51030346.0
UFO,UFO GAMING,,50879207.0
SCHO,SCHOLARSHIP COIN,,50829055.0
BAND,BAND PROTOCOL,,50717840.0
MIMATIC,MAI,,50572591.0
PHB,PHOENIX GLOBAL [OLD],,50271405.0
KODA,KODA CRYPTOCURRENCY,,50208210.0
AUCTION,BOUNCE,,50145092.0
TLOS,TELOS,,49899727.0
DERO,DERO,,49664366.0
BAKE,BAKERYSWAP,,49228063.0
NXS,NEXUS,,48923600.0
XCAD,XCAD NETWORK,,48889151.0
FER,FERRO,,48517490.0
AMPL,AMPLEFORTH,,48139681.0
FWT,FREEWAY,,47949852.0
NEBL,NEBLIO,,47713130.0
DPX,DOPEX,,47383767.0
POLS,POLKASTARTER,,46797863.0
ERN,ETHERNITY CHAIN,,46793942.0
FORT,FORTA,,46425549.0
TT,THUNDERCORE,,46265744.0
IBEUR,IRON BANK EURO,,45843047.0
CBAT,CBAT,,45620563.0
MFT,HIFI FINANCE,,45592226.0
QRDO,QREDO,,45539431.0
MNGO,MANGO,,45513237.0
ALPACA,ALPACA FINANCE,,45339273.0
DOLA,DOLA,,45317366.0
FLM,FLAMINGO FINANCE,,45237602.0
WNXM,WRAPPED NXM,,45097007.0
ZCX,UNIZEN,,45038568.0
TRU,TRUEFI,,44731472.0
ZZ,ZIGZAG,,44729893.0
BLID,BOLIDE,,44658247.0
CWEB,COINWEB,,44144136.0
B2M,BIT2ME,,43916977.0
SOFI,RAI FINANCE,,43765173.0
DOME,EVERDOME,,43681920.0
AXN,AXION,,43431003.0
KP3R,KEEP3RV1,,43106577.0
LOOMOLD,LOOM NETWORK (OLD),,42994488.0
LEND,AAVE [OLD],,42966410.0
AMA,MRWEB FINANCE [OLD],,42806771.0
USDK,USDK,,42528164.0
ATA,AUTOMATA,,42326963.0
AKT,AKASH NETWORK,,42310909.0
ZIG,ZIGNALY,,42062845.0
SFP,SAFEPAL,,41861308.0
OUSD,ORIGIN DOLLAR,,41805345.0
TIME,CHRONO.TECH,,41700188.0
KLV,KLEVER,,41558906.0
IDEX,IDEX,,41485637.0
POND,MARLIN,,41466011.0
QUACK,RICH QUACK,,41459334.0
KUNCI,KUNCI COIN,,41304632.0
FORTH,AMPLEFORTH GOVERNANCE,,40956504.0
COCOS,COCOS BCX,,40756145.0
PERP,PERPETUAL PROTOCOL,,40739095.0
STARS,STARGAZE,,40523685.0
HUNT,HUNT,,40388440.0
AVINOC,AVINOC,,40368980.0
ALPINE,ALPINE F1 TEAM FAN TOKEN,,40344322.0
TOMO,TOMOCHAIN,,40343586.0
INSTAR,INSTAR,,40295349.0
VRA,VERASITY,,40180193.0
AVA,TRAVALA.COM,,40055001.0
VEGA,VEGA PROTOCOL,,39921861.0
DEI,DEI,,39617807.0
ZPAY,ZOIDPAY,,39324893.0
LEASH,DOGE KILLER,,39232873.0
ASTRAFER,ASTRAFER,,39148794.0
EPS,ELLIPSIS [OLD],,38783038.0
ORN,ORION PROTOCOL,,38698982.0
KISHU,KISHU INU,,38645088.0
UNFI,UNIFI PROTOCOL DAO,,38504430.0
LCX,LCX,,38429534.0
AGEUR,AGEUR,,38283328.0
UMEE,UMEE,,38277003.0
LAZIO,LAZIO FAN TOKEN,,38219987.0
VOLT,VOLT INU,,38132934.0
WAN,WANCHAIN,,37991833.0
YFII,DFI.MONEY,,37894941.0
PHA,PHALA NETWORK,,37839586.0
GXC,GXCHAIN,,37836740.0
RON,RONIN,,37550480.0
LINA,LINEAR,,37423082.0
SUPER,SUPERFARM,,37262442.0
HC,HYPERCASH,,36981427.0
CLV,CLOVER FINANCE,,36802531.0
CQT,COVALENT,,36622321.0
SERO,SERO,,36574042.0
BFT,BRAZIL NATIONAL FOOTBALL TEAM FAN TOKEN,,36455547.0
ITHEUM,ITHEUM,,36356616.0
TRYB,BILIRA,,36252903.0
CPOOL,CLEARPOOL,,36089930.0
TRB,TELLOR,,35928583.0
LOKA,LEAGUE OF KINGDOMS,,35729031.0
SB,SNOWBANK,,35403288.0
CRE,CARRY,,35381251.0
SPS,SPLINTERSHARDS,,34745108.0
LYRA,LYRA FINANCE,,34683857.0
CRTS,CRATOS,,34634088.0
HERO,METAHERO,,34524058.0
PRO,PROPY,,34247194.0
XKI,KI,,34147166.0
DIA,DIA,,33929266.0
ROOT,ROOTKIT,,33886808.0
OPT2,OPTIMUS OPT2,,33782625.0
REGEN,REGEN,,33758708.0
LIT,LITENTRY,,33740394.0
CULT,CULT DAO,,33580286.0
ARPA,ARPA CHAIN,,33541323.0
FINE,REFINABLE,,33475832.0
ALCX,ALCHEMIX,,33454825.0
CUNI,CUNI,,33411437.0
BEL,BELLA PROTOCOL,,33401416.0
AIOZ,AIOZ NETWORK,,33172140.0
YUSD,YUSD STABLECOIN,,33037440.0
KOIN,KOINOS,,33011159.0
MUSD,MSTABLE USD,,32982786.0
BZZ,SWARM,,32839592.0
KRD,KRYPTON DAO,,32757123.0
MINE,PYLON PROTOCOL,,32484251.0
ELA,ELASTOS,,32257066.0
CEUR,CELO EURO,,32060910.0
DPI,DEFI PULSE INDEX,,32002020.0
MIR,MIRROR PROTOCOL,,31985340.0
BOX,BOX TOKEN,,31921670.0
GAS,GAS,,31817080.0
BCD,BITCOIN DIAMOND,,31788490.0
KAI,KARDIACHAIN,,31780639.0
KAS,KASPA,,31721958.0
AE,AETERNITY,,31608412.0
ANC,ANCHOR PROTOCOL,,31584142.0
BMX,BITMART,,31578888.0
GODS,GODS UNCHAINED,,31456623.0
LTO,LTO NETWORK,,31386190.0
RGT,RARI GOVERNANCE,,31291851.0
MANC,MANCIUM,,31192403.0
DNT,DISTRICT0X,,31169218.0
FIRO,FIRO,,31125816.0
JASMY,JASMYCOIN,,30788836.0
BEAN,BEAN,,30783533.0
MOC,MOSSLAND,,30747059.0
HAY,DESTABLECOIN HAY,,30493607.0
XPR,PROTON,,30298057.0
BCT,TOUCAN PROTOCOL: BASE CARBON TONNE,,30166910.0
FARM,HARVEST FINANCE,,30077819.0
AQT,ALPHA QUARK,,30023930.0
RFR,REFEREUM,,30022412.0
BTRFLY,REDACTED,,29795055.0
HYDRA,HYDRA,,29787915.0
MV,GENSOKISHI METAVERSE,,29718301.0
REI,REI NETWORK,,29659125.0
DG,DECENTRAL GAMES,,29601277.0
BEZOGE,BEZOGE EARTH,,29577574.0
BLZ,BLUZELLE,,29558081.0
POOP,RARESAMA,,29521727.0
KNCL,KYBER NETWORK CRYSTAL LEGACY,,29345352.0
FCT,FIRMACHAIN,,29303093.0
NOIA,SYNTROPY,,29089121.0
SBD,STEEM DOLLARS,,28946141.0
KOGE,BNB48 CLUB,,28905661.0
ATM,ATLETICO MADRID FAN TOKEN,,28841703.0
STARL,STARLINK,,28748850.0
CCS,CLOUTCONTRACTS,,28704252.0
BTS,BITSHARES,,28579168.0
ONIT,ONBUFF,,28399958.0
CUBE,CUBE NETWORK,,28299105.0
RSV,RESERVE,,28167837.0
RAIL,RAILGUN,,28162965.0
MLN,ENZYME,,28148105.0
CERE,CERE NETWORK,,28129974.0
AOG,SMARTOFGIVING,,28050761.0
YOSHI,YOSHI.EXCHANGE,,27895924.0
QI,BENQI,,27884190.0
CANTO,CANTO,,27848466.0
QUICK,QUICKSWAP [OLD],,27822547.0
DEP,DEAPCOIN,,27729547.0
SOUL,PHANTASMA,,27678423.0
ICHI,ICHI,,27504508.0
FIO,FIO PROTOCOL,,27409920.0
MNW,MORPHEUS NETWORK,,27374056.0
BZRX,BZX PROTOCOL,,27151639.0
CXO,CARGOX,,27041486.0
BIFI,BEEFY.FINANCE,,26937668.0
CHO,CHOISE.COM,,26795910.0
MTD,MINTED,,26675619.0
RARI,RARIBLE,,26639190.0
HARD,KAVA LEND,,26604630.0
KEY,SELFKEY,,26588995.0
HOO,HOO,,26510619.0
QANX,QANPLATFORM,,26413631.0
IRIS,IRISNET,,26406825.0
MINTME,MINTME.COM COIN,,26384786.0
WING,WING FINANCE,,26332778.0
BWO,BATTLE WORLD,,26319929.0
SAMO,SAMOYEDCOIN,,26218453.0
PSTAKE,PSTAKE FINANCE,,26207514.0
GTC,GITCOIN,,26017777.0
NSBT,NEUTRINO SYSTEM BASE,,26011932.0
FITFI,STEP APP,,25973855.0
ATOLO,RIZON,,25930660.0
MAP,MAP PROTOCOL,,25764571.0
RAMP,RAMP [OLD],,25686151.0
GRS,GROESTLCOIN,,25655216.0
FIDA,BONFIDA,,25580171.0
PSG,PARIS SAINT-GERMAIN FAN TOKEN,,25454876.0
AGLD,ADVENTURE GOLD,,25412464.0
GET,GET PROTOCOL,,25320582.0
LAT,PLATON NETWORK,,25213799.0
VITE,VITE,,25200217.0
RDPX,DOPEX REBATE,,25104475.0
GBEX,GLOBIANCE EXCHANGE,,25090817.0
ION,ION,,24974268.0
IETH,INSTADAPP ETH,,24952095.0
CATE,CATECOIN,,24889832.0
QOM,SHIBA PREDATOR,,24644740.0
ADX,AMBIRE ADEX,,24624030.0
CITY,MANCHESTER CITY FAN TOKEN,,24455445.0
GYEN,GYEN,,24422434.0
LEVER,LEVERFI,,24344334.0
RISE,EVERRISE,,24195191.0
DATA,STREAMR,,24166873.0
KLIMA,KLIMA DAO,,24165421.0
ALBT,ALLIANCEBLOCK,,24103072.0
PRE,PRESEARCH,,23866512.0
SAITO,SAITO,,23686127.0
COVAL,CIRCUITS OF VALUE,,23677301.0
ATPAY,ATPAY,,23669195.0
FRA,FINDORA,,23427963.0
RMRK,RMRK,,23409894.0
SDAO,SINGULARITYDAO,,23361304.0
AURA,AURA FINANCE,,23318317.0
TPT,TOKENPOCKET TOKEN,,23114292.0
WILD,WILDER WORLD,,23061707.0
DFG,DEFIGRAM,,22813430.0
BEAM,BEAM,,22770939.0
CLO,CALLISTO NETWORK,,22730632.0
PINKSALE,PINKSALE,,22730069.0
BOSON,BOSON PROTOCOL,,22632818.0
HTR,HATHOR,,22628901.0
OM,MANTRA,,22518705.0
ROUTE,ROUTER PROTOCOL,,22509938.0
RARE,SUPERRARE,,22423628.0
UFT,UNILEND FINANCE,,22398474.0
VRSC,VERUS COIN,,22234696.0
HEC,HECTOR NETWORK,,22221547.0
ROOK,ROOK,,22121853.0
KIN,KIN,,22119577.0
CTXC,CORTEX,,22105468.0
SHDW,GENESYSGO SHADOW,,22091649.0
XDATA,STREAMR XDATA,,22035739.0
UBT,UNIBRIGHT,,21943659.0
FYN,AFFYN,,21861239.0
CHESS,TRANCHESS,,21831639.0
FUSE,FUSE,,21550072.0
SPRT,SPORTIUM,,21486523.0
ALEPH,ALEPH.IM,,21456919.0
SAI,SAI,,21421320.0
BTR,BITRUE COIN,,21321573.0
VR,VICTORIA VR,,21149614.0
PLU,PLUTON,,21031329.0
KAR,KARURA,,20822369.0
AMB,AIRDAO,,20735901.0
COS,CONTENTOS,,20635421.0
FRONT,FRONTIER,,20584059.0
NYM,NYM,,20520862.0
UPP,SENTINEL PROTOCOL,,20405419.0
VAI,VAI,,20359332.0
DC,DOGECHAIN,,20147823.0
GCR,GLOBAL COIN RESEARCH,,20135356.0
JEWEL,DEFI KINGDOMS,,20103158.0
GFI,GOLDFINCH,,19959939.0
AXEL,AXEL,,19897865.0
AION,AION,,19619981.0
NULS,NULS,,19590482.0
TNB,TIME NEW BANK,,19252489.0
ALI,ALETHEA ARTIFICIAL LIQUID INTELLIGENCE,,19185279.0
MIX,MIXMARVEL,,19114674.0
CUDOS,CUDOS,,19050588.0
TKO,TOKOCRYPTO,,19029617.0
PIVX,PIVX,,18987956.0
LOV,LOVECHAIN,,18876749.0
FOX,SHAPESHIFT FOX,,18853546.0
ULT,SHARDUS,,18851253.0
OOKI,OOKI,,18850318.0
XDG,DECENTRAL GAMES GOVERNANCE,,18799086.0
SDN,SHIDEN NETWORK,,18785566.0
PRQ,PARSIQ,,18591579.0
GDSY,GOLDEN SOCIETY TOKEN V2,,18575059.0
FIS,STAFI,,18528583.0
AST,AIRSWAP,,18499068.0
ORCA,ORCA,,18427679.0
LTX,LATTICE,,18390298.0
SDT,STAKE DAO,,18141838.0
CZRX,C0X,,17824083.0
OVR,OVR,,17751274.0
SLND,SOLEND,,17693528.0
MATH,MATH,,17663715.0
WOOP,WOONKLY POWER,,17617251.0
SOLVE,SOLVE,,17404818.0
LBC,LBRY CREDITS,,17400550.0
PNK,KLEROS,,17384232.0
AUTO,AUTO,,17355819.0
DXD,DXDAO,,17254109.0
ARG,ARGENTINE FOOTBALL ASSOCIATION FAN TOKEN,,17122512.0
TOR,TOR,,17053405.0
QMALL,QMALL,,16970743.0
MCB,MUX PROTOCOL,,16960961.0
BAR,FC BARCELONA FAN TOKEN,,16873019.0
FSN,FUSION,,16825570.0
HNS,HANDSHAKE,,16680235.0
VITA,VITADAO,,16628646.0
DXL,DEXLAB,,16612792.0
BTM,BYTOM,,16555424.0
SWP,KAVA SWAP,,16467675.0
DEXE,DEXE,,16373116.0
YLD,YIELD APP,,16288656.0
SWISE,STAKEWISE,,16220600.0
SWAP,TRUSTSWAP,,16199706.0
CAP,CAP,,16132290.0
TVK,THE VIRTUA KOLECT,,16123711.0
FPIS,FRAX PRICE INDEX SHARE,,16082194.0
BIGSB,BIGSHORTBETS,,16078872.0
ADCO,ADVERTISE COIN,,16078862.0
WICC,WAYKICHAIN,,15991969.0
BTU,BTU PROTOCOL,,15958740.0
YVE-CRVDAO,VECRV-DAO YVAULT,,15950980.0
CPH,CYPHERIUM,,15878491.0
MDT,MEASURABLE DATA,,15653963.0
PPC,PEERCOIN,,15632045.0
TOKE,TOKEMAK,,15572682.0
LON,TOKENLON,,15453478.0
GF,GUILDFI,,15299143.0
SNFT,SPAIN NATIONAL FOOTBALL TEAM FAN TOKEN,,15281723.0
OAX,OAX,,15270240.0
HI,HI DOLLAR,,15202439.0
RFOX,RFOX,,15092392.0
UXD,UXD STABLECOIN,,15011549.0
BOO,SPOOKYSWAP,,14863736.0
JADE,JADE PROTOCOL,,14851260.0
FEG,FEG BSC,,14838539.0
CGS,CRYPTO GLADIATOR SHARDS,,14772226.0
NCT,POLYSWARM,,14647453.0
AVT,AVENTUS,,14611316.0
SBTC,SBTC,,14539572.0
DF,DFORCE,,14515783.0
PROS,PROSPER,,14479963.0
LUFFY,LUFFY,,14335704.0
NWC,NEWSCRYPTO COIN,,14293534.0
APX,APOLLOX,,14265574.0
DETO,DELTA EXCHANGE,,14252771.0
KRL,KRYLL,,14240653.0
DDX,DERIVADAO,,14216256.0
APEX,APEX,,14193675.0
KRIPTO,KRIPTO,,14047484.0
SIX,SIX NETWORK,,13987530.0
OPUL,OPULOUS,,13949553.0
BANANA,APESWAP,,13947867.0
MOON,R/CRYPTOCURRENCY MOONS,,13844322.0
GST-SOL,STEPN GREEN SATOSHI TOKEN ON SOLANA,,13841300.0
HOPR,HOPR,,13812976.0
SIPHER,SIPHER,,13788946.0
PNT,PNETWORK,,13765847.0
LBT,LAW BLOCKS,,13718744.0
SNOW,SNOWBLOSSOM,,13654335.0
NBS,NEW BITSHARES,,13647725.0
VIB,VIBERATE,,13521817.0
SNM,SONM,,13519159.0
JUV,JUVENTUS FAN TOKEN,,13488176.0
JET,JET,,13480871.0
XAI,SIDESHIFT,,13474475.0
SPA,SPERAX,,13450515.0
PEEL,META APES PEEL,,13442297.0
VXV,VECTORSPACE AI,,13434672.0
TREEB,RETREEB,,13382276.0
RAI,RAI REFLEX INDEX,,13377549.0
VTC,VERTCOIN,,13353990.0
INST,INSTADAPP,,13227300.0
BOA,BOSAGORA,,13204119.0
ABT,ARCBLOCK,,13167539.0
GTO,GIFTO,,13101884.0
INV,INVERSE FINANCE,,13091013.0
FLEX,FLEX COIN,,13040109.0
LOC,LOCKTRIP,,12874955.0
GBYTE,OBYTE,,12719473.0
THOR,THORSWAP,,12699931.0
VIDT,VIDT DATALINK,,12655605.0
MITH,MITHRIL,,12643342.0
DMD,DIAMOND,,12598160.0
TKP,TOKPIE,,12411747.0
XCP,COUNTERPARTY,,12405673.0
METH,MIRRORED ETHER,,12397721.0
NTVRK,NETVRK,,12379447.0
CTX,CRYPTEX FINANCE,,12342404.0
NMX,NOMINEX,,12306387.0
OXEN,OXEN,,12286455.0
$ADS,ALKIMI,,12273278.0
HOGE,HOGE FINANCE,,12265438.0
MBL,MOVIEBLOC,,12262698.0
JPEG,JPEG'D,,12251478.0
RBLS,REBEL BOTS,,12233927.0
ETH2X-FLI,INDEX COOP - ETH 2X FLEXIBLE LEVERAGE INDEX,,12204820.0
NIM,NIMIQ,,12185280.0
VRO,VERAONE,,12183640.0
ZMT,ZIPMEX,,12132897.0
EROWAN,SIFCHAIN,,11943766.0
IBBTC,BADGER INTEREST BEARING BITCOIN,,11932938.0
PNG,PANGOLIN,,11930104.0
MNTL,ASSETMANTLE,,11901613.0
PEAK,PEAKDEFI,,11880700.0
BTC2,BITCOIN 2,,11863003.0
DEXT,DEXTOOLS,,11853167.0
SETH,SETH,,11840285.0
AURY,AURORY,,11829421.0
NGM,E-MONEY,,11816514.0
ZB,ZB,,11799756.0
ADP,ADAPPTER,,11700829.0
XFUND,XFUND,,11671162.0
OMAX,OMAX,,11650659.0
WNK,THE WINKYVERSE,,11609448.0
FLX,REFLEXER UNGOVERNANCE,,11607862.0
ICETH,INTEREST COMPOUNDING ETH INDEX,,11605725.0
SWTH,CARBON PROTOCOL,,11592481.0
RSS3,RSS3,,11504652.0
NUM,NUM TOKEN,,11494025.0
ZKS,ZKSPACE,,11479909.0
SYLO,SYLO,,11473710.0
BUX,BUX,,11380321.0
BEPRO,BEPRO NETWORK,,11352397.0
YCC,YUAN CHAIN COIN,,11316851.0
WHALE,WHALE,,11220156.0
CREAM,CREAM,,11144209.0
VEED,VEED,,11135991.0
XETA,XANA,,11116737.0
BTCP,BITCOIN PRO,,11098718.0
PHONON,PHONON DAO,,11041893.0
QRL,QUANTUM RESISTANT LEDGER,,11016435.0
INDEX,INDEX COOPERATIVE,,11014422.0
GRID,GRIDPLUS [OLD],,10929707.0
IFC,INFINITECOIN,,10873164.0
TOMB,TOMB,,10843278.0
GARI,GARI NETWORK,,10815958.0
TONIC,TECTONIC,,10815112.0
KASTA,KASTA,,10808396.0
GOG,GUILD OF GUARDIANS,,10793342.0
COT,COSPLAY TOKEN,,10764121.0
NPXS,PUNDI X [OLD],,10757022.0
WWY,WEWAY,,10744169.0
STC,STARCOIN,,10718186.0
DVF,RHINO.FI,,10688074.0
WXT,WIREX,,10678758.0
SNL,SPORT AND LEISURE,,10668606.0
FOR,FORTUBE,,10653059.0
QSP,QUANTSTAMP,,10632356.0
ARV,ARIVA,,10629789.0
APM,APM COIN,,10606065.0
PDEX,POLKADEX,,10566243.0
THALES,THALES,,10556788.0
VIRES,VIRES FINANCE,,10465811.0
APL,APOLLO,,10465183.0
DORA,DORA FACTORY,,10396668.0
LSS,LOSSLESS,,10385353.0
DHN,DOHRNII,,10366925.0
DERC,DERACE,,10359484.0
MAPS,MAPS,,10345692.0
BSCPAD,BSCPAD,,10342765.0
GENE,GENOPETS,,10335400.0
PDT,PARAGONSDAO,,10328526.0
INARI,INARI,,10283294.0
CRU,CRUST NETWORK,,10277877.0
BRIDGE,OCTUS BRIDGE,,10249803.0
SWFTC,SWFTCOIN,,10248676.0
IN,INVICTUS,,10240246.0
POR,PORTUGAL NATIONAL TEAM FAN TOKEN,,10239801.0
XAVA,AVALAUNCH,,10228935.0
SCP,SCPRIME,,10205492.0
X2Y2,X2Y2,,10174938.0
POP,POPCORN,,10146643.0
RDD,REDDCOIN,,10139529.0
ALU,ALTURA,,10126798.0
RVP,REVOLUTION POPULI,,10078155.0
MONSTA,CAKE MONSTER,,10075961.0
WAS,WASDER,,10010827.0
PSP,PARASWAP,,9975898.0
MLT,MEDIA LICENSING,,9957226.0
TORN,TORNADO CASH,,9933342.0
ATLAS,STAR ATLAS,,9930429.0
SEUR,SEUR,,9887737.0
OXY,OXYGEN,,9878386.0
PKOIN,POCKETCOIN,,9853153.0
IDRT,RUPIAH,,9763155.0
MMF,MMFINANCE (CRONOS),,9763023.0
INTER,INTER MILAN FAN TOKEN,,9695643.0
COW,COW PROTOCOL,,9681188.0
NRG,ENERGI,,9640519.0
ZNN,ZENON,,9638888.0
CVP,POWERPOOL CONCENTRATED VOTING POWER,,9625239.0
DEGO,DEGO FINANCE,,9528778.0
REVV,REVV,,9507439.0
SOS,OPENDAO,,9482928.0
COL,CLASH OF LILLIPUT,,9480363.0
ETHBULL,3X LONG ETHEREUM TOKEN,,9452232.0
BOOT,BOSTROM,,9442402.0
CHNG,CHAINGE FINANCE,,9432287.0
CRPT,CRYPTERIUM,,9428476.0
VOXEL,VOXIES,,9420422.0
NFTX,NFTX,,9398583.0
AFC,ARSENAL FAN TOKEN,,9337934.0
DFX,DFX FINANCE,,9306006.0
GMM,GAMIUM,,9292950.0
HTB,HOTBIT,,9289992.0
PREMIA,PREMIA,,9254200.0
XELS,XELS,,9238714.0
GEL,GELATO,,9237012.0
SOV,SOVRYN,,9225628.0
WTC,WALTONCHAIN,,9209243.0
MYST,MYSTERIUM,,9130986.0
SRX,STORX,,9055961.0
SCLP,SCALLOP,,9047901.0
SHILL,PROJECT SEED SHILL,,9038829.0
GO,GOCHAIN,,9031538.0
AWX,AURUSDEFI,,9027509.0
HIBS,HIBLOCKS,,9010087.0
TABOO,TABOO,,8957309.0
CAPS,TERNOA,,8884080.0
VINU,VITA INU,,8866869.0
EDEN,EDEN,,8863126.0
UNCX,UNICRYPT,,8835658.0
MUTE,MUTE,,8835620.0
PTS,PETALS,,8810615.0
UNDEAD,UNDEAD BLOCKS,,8797296.0
TONE,TE-FOOD,,8790890.0
WLKN,WALKEN,,8781877.0
RAE,RECEIVE ACCESS ECOSYSTEM,,8779218.0
SUKU,SUKU,,8723702.0
SWAPXI,SWAPXI,,8689128.0
FOAM,FOAM,,8686877.0
PXP,POINTPAY,,8682306.0
PEX,PEARDAO,,8623317.0
EL,ELYSIA,,8621851.0
BIR,BIRAKE,,8609500.0
BAN,BANANO,,8546426.0
QLC,QLC CHAIN,,8493460.0
COPI,CORNUCOPIAS,,8476619.0
XEP,ELECTRA PROTOCOL,,8470062.0
DVI,DVISION NETWORK,,8457587.0
SHFT,SHYFT NETWORK,,8427198.0
BAO,BAO FINANCE,,8411454.0
XDEFI,XDEFI,,8345854.0
TPAD,TRUSTPAD,,8214300.0
SDL,SADDLE FINANCE,,8210109.0
RBC,RUBIC,,8180692.0
EQUAD,QUADRANT PROTOCOL,,8142813.0
VID,VIVID LABS,,8130229.0
UXP,UXD PROTOCOL,,8116548.0
PALLA,PALLAPAY,,8072073.0
ASR,AS ROMA FAN TOKEN,,8069186.0
ID,EVEREST,,8057455.0
DACXI,DACXI,,8055342.0
SRLTY,SAITAREALTY,,8043965.0
CWBTC,CWBTC,,8021360.0
BRG,BRIDGE ORACLE,,8014327.0
SCNSOL,SOCEAN STAKED SOL,,7990484.0
HEGIC,HEGIC,,7986441.0
DOGEDASH,DOGE DASH,,7939248.0
POLIS,STAR ATLAS DAO,,7939222.0
COLA,COLA,,7939188.0
MNDE,MARINADE,,7868959.0
GULF,GULFCOIN,,7822798.0
JUP,JUPITER,,7809379.0
URUS,AUROX,,7806574.0
SLIM,SOLANIUM,,7769643.0
ZKP,PANTHER PROTOCOL,,7752679.0
IBAT,BATTLE INFINITY,,7750936.0
QUARTZ,SANDCLOCK,,7736386.0
MIMO,MIMO GOVERNANCE,,7722258.0
MUSE,MUSE DAO,,7685340.0
OOE,OPENOCEAN,,7674276.0
LING,LINGOSE,,7655036.0
DOG,THE DOGE NFT,,7654120.0
TAKI,TAKI,,7614256.0
SWASH,SWASH,,7607280.0
GZONE,GAMEZONE,,7562988.0
EPIC,EPIC CASH,,7561999.0
CHAIN,CHAIN GAMES,,7517235.0
GAMI,GAMI WORLD,,7417315.0
ACM,AC MILAN FAN TOKEN,,7412321.0
GRIN,GRIN,,7376004.0
RING,DARWINIA NETWORK,,7325484.0
WABI,WABI,,7290354.0
CIRUS,CIRUS,,7279255.0
VAL,VALIDITY,,7251185.0
EAC,EARTHCOIN,,7213239.0
DANA,ARDANA,,7192123.0
TOWN,TOWN STAR,,7179048.0
RAINI,RAINICORN,,7175677.0
CELL,CELLFRAME,,7174353.0
MBS,MONKEYLEAGUE,,7107407.0
HAI,HACKEN HAI,,7103850.0
EDG,EDGEWARE,,7102374.0
OCC,OCCAMFI,,7096139.0
WEGRO,WEGRO,,7095334.0
$NMKR,NMKR,,7077276.0
OG,OG FAN TOKEN,,7063803.0
EEUR,E-MONEY EUR,,7044179.0
MVG,MAD VIKING GAMES,,7027781.0
DASHD,DASH DIAMOND,,7023186.0
CMDX,COMDEX,,6991540.0
WEX,WAULTSWAP,,6982409.0
TROY,TROY,,6956646.0
PND,PANDACOIN,,6946186.0
NCR,NEOS CREDITS,,6945058.0
ALD,ALADDIN DAO,,6926755.0
AMPLIFI,AMPLIFI,,6883275.0
DRGN,DRAGONCHAIN,,6881520.0
GHX,GAMERCOIN,,6864806.0
DGD,DIGIXDAO,,6860958.0
MOBI,MOBIUS,,6849634.0
GUILD,BLOCKCHAINSPACE,,6847301.0
OATH,OATH,,6829799.0
CLINK,CLINK,,6805967.0
SOCKS,UNISOCKS,,6763328.0
EJS,ENJINSTARTER,,6756227.0
LUNR,LUNR,,6755953.0
DVPN,SENTINEL,,6730743.0
XHV,HAVEN,,6700673.0
CGO,COMTECH GOLD,,6699318.0
CIV,CIVILIZATION,,6686518.0
TBTC,TBTC,,6636561.0
PKT,PKT,,6632399.0
MCT,MYCONSTANT,,6590420.0
UBSN,SILENT NOTARY,,6560661.0
BCN,BYTECOIN,,6556031.0
LORDS,LORDS,,6508668.0
STEP,STEP FINANCE,,6506447.0
TRVL,TRVL,,6485156.0
RBW,CRYPTO UNICORNS RAINBOW,,6483958.0
MONA,MONAVALE,,6432494.0
VALOR,SMART VALOR,,6425846.0
ARIA20,ARIANEE,,6415854.0
MHC,#METAHASH,,6413517.0
XYZ,UNIVERSE.XYZ,,6404617.0
LNR,LUNAR,,6384561.0
NTX,NUNET,,6321067.0
ZYN,ZYNECOIN,,6320863.0
KAN,BITKAN,,6317705.0
VELO,VELO,,6294495.0
MMPRO,MARKET MAKING PRO,,6280225.0
RADIO,RADIOSHACK,,6268279.0
FEVR,REALFEVR,,6216218.0
IPAD,INFINITY PAD,,6196180.0
REF,REF FINANCE,,6106980.0
STOS,STRATOS,,6094117.0
ATRI,ATARI,,6091919.0
ANGLE,ANGLE,,6088821.0
SIDUS,SIDUS,,6055129.0
MCONTENT,MCONTENT,,6032574.0
MOOV,DOTMOOVS,,6018901.0
INSUR,INSURACE,,6013095.0
VIDYA,VIDYA,,6011354.0
CAS,CASHAA,,5981041.0
BORING,BORINGDAO,,5950332.0
ASK,PERMISSION COIN,,5929170.0
ZCN,0CHAIN,,5891628.0
USDS,SPICEUSD,,5871959.0
CYCE,CRYPTO CARBON ENERGY,,5859259.0
CBX,CROPBYTES,,5852855.0
VST,VESTA STABLE,,5851859.0
TSHARE,TOMB SHARES,,5830295.0
BITCNY,BITCNY,,5808860.0
MSU,METASOCCER,,5803087.0
VEE,BLOCKV,,5786627.0
VLXPAD,VELASPAD,,5767562.0
REFI,REIMAGINED FINANCE,,5742620.0
SILO,SILO FINANCE,,5738983.0
SHIRYO-INU,SHIRYO,,5734295.0
CHEQ,CHEQD NETWORK,,5709395.0
NOTE,NOTIONAL FINANCE,,5697013.0
NRCH,ENREACHDAO,,5670495.0
ARC,ARC,,5663499.0
AQUA,AQUARIUS,,5658779.0
HOP,HOP PROTOCOL,,5588839.0
XIDR,XIDR,,5584455.0
XPX,PROXIMAX,,5576801.0
AMDG,AMDG,,5572745.0
ERR,COINERR,,5559772.0
STRX,STRIKEX,,5527016.0
SAUCE,SAUCERSWAP,,5524582.0
MTA,MSTABLE GOVERNANCE: META,,5514759.0
POSI,POSITION,,5493324.0
SIGNA,SIGNUM,,5490417.0
VEUSD,VEUSD,,5488447.0
PARA,PARA,,5468736.0
PNY,PEONY COIN,,5458320.0
STEAMX,STEAM EXCHANGE,,5416494.0
ES,ERA SWAP,,5416446.0
TULIP,TULIP PROTOCOL,,5395560.0
BONDLY,FORJ,,5373856.0
IDIA,IMPOSSIBLE FINANCE LAUNCHPAD,,5356111.0
POOLZ,POOLZ FINANCE,,5340097.0
BTNT,BITNAUTIC,,5301829.0
LOOT,LOOTEX,,5301728.0
MENGO,FLAMENGO FAN TOKEN,,5300581.0
XED,EXEEDME,,5287078.0
FWB,FRIENDS WITH BENEFITS PRO,,5280650.0
GZIL,GOVERNANCE ZIL,,5278534.0
KYL,KYLIN NETWORK,,5274113.0
XHT,HOLLAEX,,5269770.0
UPUNK,UNICLY CRYPTOPUNKS COLLECTION,,5254384.0
PENDLE,PENDLE,,5242227.0
POLK,POLKAMARKETS,,5232582.0
FRIES,FRIESDAO,,5215969.0
DEUS,DEUS FINANCE,,5146080.0
WAIT,HOURGLASS,,5145628.0
JMPT,JUMPTOKEN,,5138031.0
CROWD,CROWDSWAP,,5133034.0
PBX,PARIBUS,,5130751.0
FKX,FORTKNOXSTER,,5109336.0
ZANO,ZANO,,5087961.0
MVI,METAVERSE INDEX,,5050371.0
PTP,PLATYPUS FINANCE,,5037041.0
GMEE,GAMEE,,5019858.0
DTX,DATA EXCHANGE DTX,,4996993.0
BUY,BUYING.COM,,4995369.0
GLCH,GLITCH PROTOCOL,,4923795.0
QUBE,FLATQUBE,,4921451.0
BSX,BASILISK,,4912261.0
GPCX,GOOD PERSON COIN,,4910082.0
RPG,RANGERS PROTOCOL,,4901718.0
EPIK,EPIK PRIME,,4899588.0
RADAR,DAPPRADAR,,4895863.0
CARD,CARDSTACK,,4890872.0
PBR,POLKABRIDGE,,4883966.0
XTT-B20,XTBLOCK,,4875053.0
CRP,CRYPTON,,4872073.0
BYTZ,BYTZ,,4864781.0
POLAR,POLAR SYNC,,4834826.0
CGG,CHAIN GUARDIANS,,4832337.0
SKEY,SKEY NETWORK,,4815412.0
NATION,NATION3,,4782038.0
WOM,WOM PROTOCOL,,4779060.0
RDT,RIDOTTO,,4778120.0
Z7,Z7DAO,,4767672.0
SPOOL,SPOOL DAO,,4759845.0
CCT,CARBON CREDIT,,4755269.0
SHA,SAFE HAVEN,,4734630.0
TIFI,TIFI,,4730949.0
PKF,POLKAFOUNDRY,,4723389.0
STON,STON,,4698633.0
RTM,RAPTOREUM,,4693850.0
ADK,AIDOS KUNEEN,,4688676.0
PUSH,PUSH PROTOCOL,,4684607.0
PART,PARTICL,,4638231.0
MCHC,MCH COIN,,4637583.0
ADAPAD,ADAPAD,,4631918.0
NVT,NERVENETWORK,,4607428.0
BEETS,BEETHOVEN X,,4604389.0
VEMP,VEMPIRE DDAO,,4604096.0
RVLT,REVOLT 2 EARN,,4595694.0
REALM,REALM,,4580281.0
PAC,PAC PROTOCOL,,4575733.0
HAUS,DAOHAUS,,4571508.0
WRLD,NFT WORLDS,,4559167.0
DHT,DHEDGE DAO,,4534698.0
TRIAS,TRIASLAB,,4502011.0
STAX,STABLEXSWAP,,4500918.0
HAPI,HAPI,,4494697.0
USV,ATLAS USV,,4493120.0
RBIS,ARBISMART,,4488993.0
DPET,MY DEFI PET,,4471795.0
UFC,UFC FAN TOKEN,,4460986.0
TCH,TIGERCASH,,4453083.0
POLYPAD,POLYPAD,,4436209.0
ECC,EMPIRE CAPITAL,,4431539.0
XRT,ROBONOMICS NETWORK,,4428163.0
PMON,POLYCHAIN MONSTERS,,4399127.0
DFAI,DEFIAI,,4388385.0
COV,COVESTING,,4363459.0
NAKA,NAKAMOTO GAMES,,4357258.0
ORAI,ORAICHAIN,,4355957.0
SAFEMARS,SAFEMARS,,4349824.0
GRC,GRIDCOIN,,4333263.0
WAMPL,WRAPPED AMPLEFORTH,,4331698.0
PI,PLIAN,,4317273.0
EOSDT,EQUILIBRIUM EOSDT,,4308954.0
OWC,ODUWA COIN,,4296908.0
DOBO,DOGEBONK,,4296167.0
RETH2,RETH2,,4287975.0
PIB,PIBBLE,,4286967.0
POLYDOGE,POLYDOGE,,4283420.0
MPS,MT PELERIN SHARES,,4281619.0
GMR,GAMER,,4279863.0
STACK,STACKOS,,4267434.0
BAS,BLOCK APE SCISSORS,,4254586.0
WEBD,WEBDOLLAR,,4248083.0
IXS,IX SWAP,,4243792.0
BSCX,BSCEX,,4229055.0
WIT,WITNET,,4220494.0
DFL,DEFI LAND,,4207941.0
777,JACKPOT,,4205999.0
SAN,SANTIMENT NETWORK,,4202027.0
PROB,PROBIT,,4187593.0
GST-ETH,STEPN GREEN SATOSHI TOKEN ON ETH,,4181923.0
MTV,MULTIVAC,,4180779.0
JGN,JUGGERNAUT,,4176875.0
DIP,ETHERISC DIP,,4119406.0
BRWL,BLOCKCHAIN BRAWLERS,,4099440.0
BPRO,B.PROTOCOL,,4052482.0
BLOCK,BLOCKASSET,,4051821.0
NRFB,NURIFOOTBALL,,4036831.0
EKTA,EKTA,,4024199.0
DIGITS,DIGITS DAO,,4022267.0
NEX,NASH,,4010097.0
OGV,ORIGIN DOLLAR GOVERNANCE,,4002060.0
LBL,LABEL FOUNDATION,,3997194.0
TCT,TOKENCLUB,,3986930.0
EVN,EVOLUTION FINANCE,,3984650.0
DFYN,DFYN NETWORK,,3963556.0
CGT,CACHE GOLD,,3959024.0
JAM,GEOJAM,,3957015.0
MOVE,MARKETMOVE,,3938667.0
DOSE,DOSE,,3932204.0
VSYS,V.SYSTEMS,,3914810.0
MINT,MINT CLUB,,3905238.0
C3,CHARLI3,,3896304.0
FLOOR,FLOORDAO,,3894824.0
WGC,GREEN CLIMATE WORLD,,3876961.0
MAHA,MAHADAO,,3858827.0
NAP,NAPOLI FAN TOKEN,,3845289.0
SRY,SEREY COIN,,3834573.0
SALT,SALT,,3832371.0
WOW,WOWNERO,,3829073.0
SPE,SAVEPLANETEARTH,,3824622.0
DYP,DEFI YIELD PROTOCOL,,3818552.0
XOR,SORA,,3807177.0
VXL,VOXEL X NETWORK,,3770524.0
SVS,GIVINGTOSERVICES SVS,,3766269.0
SATT,SATT,,3762542.0
PAID,PAID NETWORK,,3761374.0
WPP,WPP TOKEN,,3754280.0
NEOX,NEOXA,,3751074.0
SVN,SAVANNA,,3742485.0
GAME,GAMESTARTER,,3727929.0
MOD,MODEFI,,3714524.0
NFTY,NFTY LABS,,3713367.0
CELT,CELESTIAL,,3711704.0
UNIDX,UNIDEX,,3707554.0
GOVI,CVI,,3687457.0
JONES,JONES DAO,,3684902.0
VSP,VESPER FINANCE,,3682827.0
IGNIS,IGNIS,,3677238.0
LITH,LITHIUM FINANCE,,3674035.0
GAINS,GAINS,,3667168.0
WCHI,XAYA,,3664969.0
SFI,SAFFRON.FINANCE,,3629768.0
SHX,STRONGHOLD,,3624723.0
AIR,ALTAIR,,3623193.0
FPFT,PERUVIAN NATIONAL FOOTBALL TEAM FAN TOKEN,,3618482.0
BIP,MINTER NETWORK,,3612570.0
MATTER,ANTIMATTER,,3604678.0
DERI,DERI PROTOCOL,,3595620.0
ZMN,ZMINE,,3574422.0
DEHUB,DEHUB,,3565061.0
SD,STADER,,3550959.0
DSLA,DSLA PROTOCOL,,3544233.0
NHT,NEIGHBOURHOODS,,3525142.0
BETU,BETU,,3511120.0
LIKE,LIKECOIN,,3498416.0
CUMMIES,CUMROCKET,,3496630.0
RIN,ALDRIN,,3486050.0
PACT,IMPACTMARKET,,3483268.0
VSTA,VESTA FINANCE,,3480883.0
EQX,EQIFI,,3463468.0
NGC,NAGA,,3462705.0
TOWER,TOWER,,3461419.0
SAFE,SAFECOIN,,3447143.0
OTO,OTOCASH,,3446528.0
FODL,FODL FINANCE,,3439046.0
LA,LA,,3433137.0
ELT,ELEMENT BLACK,,3431856.0
NAV,NAVCOIN,,3426480.0
GST-BSC,STEPN GREEN SATOSHI TOKEN ON BSC,,3423961.0
BBS,BBS NETWORK,,3408149.0
METF,MAD MEERKAT ETF,,3406662.0
GEEQ,GEEQ,,3404982.0
PRISM,PRISM,,3404514.0
HDP.Ф,HEDPAY,,3401334.0
FRM,FERRUM NETWORK,,3397312.0
ICE,POPSICLE FINANCE,,3388593.0
ABYSS,ABYSS,,3376922.0
IWBTC,INSTADAPP WBTC,,3375894.0
ZOO,ZOOKEEPER,,3365815.0
GSWAP,GAMESWAP,,3358801.0
SHOP,SHOPPING.IO,,3335040.0
GTON,GTON CAPITAL,,3323046.0
PSL,PASTEL,,3299314.0
SHI,SHINA INU,,3297714.0
SFD,SAFEDEAL,,3270813.0
SNC,SUNCONTRACT,,3251867.0
STIMA,STIMA,,3238647.0
BBANK,BLOCKBANK,,3230866.0
PING,SONAR,,3226094.0
WALLET,AMBIRE WALLET,,3222913.0
IDO,IDEXO,,3221680.0
XTM,TORUM,,3203207.0
LAMB,LAMBDA,,3202085.0
XWIN,XWIN FINANCE,,3199652.0
NSFW,PLEASURE COIN,,3189158.0
JRIT,JERITEX,,3177733.0
NXT,NXT,,3176948.0
TRA,TRABZONSPOR FAN TOKEN,,3152836.0
XFT,OFFSHIFT,,3151662.0
VTX,VECTOR FINANCE,,3118851.0
TRUBGR,TRUBADGER,,3096881.0
BOG,BOGGED FINANCE,,3096248.0
PLANETS,PLANETWATCH,,3094641.0
FST,FUTURESWAP,,3094497.0
MTH,MONETHA,,3083560.0
RVST,REVEST FINANCE,,3083207.0
HBB,HUBBLE,,3078913.0
BLN,BALANCE NETWORK,,3069573.0
OS,ETHEREANS,,3065560.0
KALM,KALM,,3063560.0
SIB,SIBCOIN,,3062923.0
MIST,ALCHEMIST,,3060683.0
POOL,POOLTOGETHER,,3052650.0
ROME,ROME,,3051233.0
PLS,PLUTUSDAO,,3050012.0
ARA,ADORA,,3042502.0
O3,O3 SWAP,,3013884.0
LIQ,LIQUIDUS,,3012711.0
LABS,LABS GROUP,,3012663.0
$DCAP,DCAP,,3010973.0
BREED,BREEDERDAO,,2999996.0
VFOX,VFOX,,2990954.0
OLT,ONELEDGER,,2984012.0
VERSA,VERSAGAMES,,2976434.0
BPT,BLACKPOOL,,2973872.0
JRT,JARVIS REWARD,,2957704.0
SIN,SINVERSE,,2948051.0
UNO,UNO RE,,2941543.0
ORB,KLAYCITY ORB,,2930839.0
PSWAP,POLKASWAP,,2925862.0
BEND,BENDDAO,,2925030.0
FIBO,FIBSWAP DEX,,2923895.0
ONES,ONESWAP DAO,,2922844.0
TEN,TOKENOMY,,2907610.0
MGPT,MOTOGP FAN TOKEN,,2898369.0
CNHT,CNH TETHER,,2893143.0
YOU,YOUVES YOU GOVERNANCE,,2883091.0
TAU,LAMDEN,,2876788.0
CPD,COINSPAID,,2876055.0
TEMP,TEMPUS,,2859636.0
MORK,MORK,,2859062.0
ZINU,ZOMBIE INU,,2847315.0
KMA,CALAMARI NETWORK,,2844456.0
SMT,SMARTMESH,,2838011.0
SUTER,SUTERUSU,,2836559.0
SPIRIT,SPIRITSWAP,,2829951.0
LQDR,LIQUIDDRIVER,,2825335.0
GOZ,GÖZTEPE S.K. FAN TOKEN,,2821557.0
GM,GM,,2810556.0
TFL,TRUEFLIP,,2808388.0
SKILL,CRYPTOBLADES,,2806754.0
SBR,SABER,,2800140.0
NGL,GOLD FEVER NATIVE GOLD,,2792793.0
MVX,METAVAULT TRADE,,2791706.0
SRK,SPARKPOINT,,2790878.0
BUILD,BUILD,,2787087.0
FEAR,FEAR,,2778490.0
APW,APWINE,,2775001.0
TUT,TUTELLUS,,2743822.0
BLUESPARROW,BLUESPARROW,,2735108.0
UPI,PAWTOCOL,,2717770.0
ETP,METAVERSE ETP,,2713652.0
MAG,MAGNET DAO,,2710259.0
SKU,SAKURA,,2707422.0
DOGEGF,DOGEGF,,2697141.0
CLY,COLONY,,2685397.0
PATH,PATHDAO,,2683775.0
YAE,CRYPTONOVAE,,2676364.0
FUEL,JETFUEL FINANCE,,2671520.0
OOKS,ONOOKS,,2669873.0
LGCY,LGCY NETWORK,,2648513.0
RDN,RAIDEN NETWORK,,2648039.0
LUNAT,LUNATICS,,2645454.0
MM,MILLION,,2643306.0
TKN,MONOLITH,,2641260.0
APRIL,APRIL,,2641179.0
MPH,88MPH,,2639635.0
TAG,TAG PROTOCOL,,2637553.0
ABR,ALLBRIDGE,,2636064.0
EVC,ECO VALUE COIN,,2636061.0
VCG,VCGAMERS,,2624290.0
CRA,CRABADA,,2623687.0
FRIN,FRINGE FINANCE,,2615407.0
BAI,BAI STABLECOIN,,2612918.0
STAKE,STAKE,,2584756.0
UNIC,UNICLY,,2577469.0
BTCZ,BITCOINZ,,2570971.0
USD+,USD+,,2542256.0
HTO,HEAVENLAND HTO,,2539925.0
1WO,1WORLD,,2534591.0
VENT,VENT FINANCE,,2533365.0
WAD,WARDEN,,2532257.0
SPND,SPENDCOIN,,2527740.0
SWRV,SWERVE,,2526776.0
BMON,BINAMON,,2523933.0
FCL,FRACTAL,,2517849.0
LED,LEDGIS,,2515520.0
RVF,ROCKETX EXCHANGE,,2514301.0
KOBE,SHABU SHABU,,2513971.0
SRCX,SOURCE PROTOCOL,,2504996.0
CWT,CROSSWALLET,,2501423.0
THT,THOUGHT,,2498240.0
NEWO,NEW ORDER,,2488415.0
MONI,MONSTA INFINITE,,2486071.0
PPT,POPULOUS,,2476326.0
BDT,BLACKDRAGON,,2474629.0
DDIM,DUCKDAODIME,,2471479.0
NFTART,NFT ART FINANCE,,2469600.0
BNC,BIFROST NATIVE COIN,,2469379.0
DUCK,UNIT PROTOCOL,,2467847.0
PRIMATE,PRIMATE,,2466421.0
FHM,FANTOHM,,2460084.0
STRONG,STRONG,,2455387.0
GHOST,GHOST,,2454462.0
YAM,YAM,,2454039.0
BLITZ,BLITZ LABS,,2450270.0
YAK,YIELD YAK,,2448948.0
LCC,LITECOIN CASH,,2444861.0
K21,K21,,2444113.0
VERSE,SHIBAVERSE,,2441152.0
SPC,SPACECHAIN (ERC-20),,2429890.0
FREE,FREEDOM COIN,,2425502.0
NAOS,NAOS FINANCE,,2421629.0
USDB,USD BALANCE,,2407650.0
ANCHOR,ANCHORSWAP,,2400380.0
SHROOM,NIFTYX PROTOCOL,,2398086.0
DPAY,DEVOUR,,2394787.0
BCDT,EVIDENZ,,2387013.0
WOOFY,WOOFY,,2384400.0
HORD,HORD,,2383865.0
PEBBLE,ETHERROCK #72,,2371377.0
PLOT,PLOTX,,2366408.0
SPANK,SPANKCHAIN,,2364805.0
HERMES,HERMES PROTOCOL,,2359084.0
DIO,DECIMATED,,2352770.0
OXB,OXBULL TECH,,2348833.0
XEND,XEND FINANCE,,2346481.0
ZT,ZBG,,2340478.0
SCC,STAKECUBE,,2335156.0
SMI,SAFEMOON INU,,2331248.0
OPCT,OPACITY,,2327940.0
$KMC,KITSUMON,,2325123.0
SIENNA,SIENNA,,2314308.0
MOBIC,MOBILITY COIN,,2301146.0
WAM,WAM,,2300924.0
ARTR,ARTERY,,2300429.0
DLC,DIAMOND LAUNCH,,2297667.0
TRADE,POLYTRADE,,2294472.0
HART,HARA,,2286877.0
ENQ,ENECUUM,,2286467.0
PLASTIK,PLASTIKS,,2279961.0
SLCL,SOLCIAL,,2278711.0
FTC,FEATHERCOIN,,2268114.0
LEON,LEONICORN LEON,,2258726.0
MUE,MONETARYUNIT,,2244567.0
KAT,KAMBRIA,,2237312.0
AAG,AAG,,2232803.0
SOLACE,SOLACE,,2232709.0
DBC,DEEPBRAIN CHAIN,,2228599.0
LUA,LUASWAP,,2223605.0
SHOPX,SHOPX,,2217311.0
KAINET,KAINET,,2216975.0
SNTVT,SENTIVATE,,2213826.0
LYM,LYMPO,,2210359.0
PAR,PARALLEL,,2209561.0
ASM,AS MONACO FAN TOKEN,,2205808.0
ADAX,ADAX,,2204879.0
TRONPAD,TRONPAD,,2204777.0
XY,XY FINANCE,,2198524.0
NFTD,NFTRADE,,2197174.0
PAPER,DOPE WARS PAPER,,2193211.0
NYC,NEWYORKCITYCOIN,,2191774.0
HIRAM,HIRAM,,2168269.0
SCCP,S.C. CORINTHIANS FAN TOKEN,,2160541.0
POLC,POLKACITY,,2160349.0
MEDIA,MEDIA NETWORK,,2157660.0
ELK,ELK FINANCE,,2156161.0
BST,BLOCKSQUARE,,2150861.0
EULER,EULER TOOLS,,2149523.0
XTK,XTOKEN,,2149213.0
BANK,BANKLESS DAO,,2141142.0
BCMC,BLOCKCHAIN MONSTER HUNT,,2137799.0
MEME,MEMETIC,,2130033.0
PAL,PALADIN,,2129079.0
ERSDL,UNFEDERALRESERVE,,2127824.0
NPX,NAPOLEON X,,2127749.0
HZN,HORIZON PROTOCOL,,2118709.0
MSHARE,MEERKAT SHARES,,2115917.0
KIF,KITTENFINANCE,,2113111.0
UNIX,UNIX,,2112261.0
PMGT,PERTH MINT GOLD TOKEN,,2103709.0
MFG,SMART MFG,,2103414.0
BLANK,BLOCKWALLET,,2095785.0
SIS,SYMBIOSIS FINANCE,,2087802.0
METAMUSK,MUSK METAVERSE,,2084336.0
MANDOX,MANDOX,,2078072.0
FND,RARE FND,,2077861.0
TIPS,FEDORACOIN,,2077396.0
YFIII,DIFY.FINANCE,,2076892.0
ACE,ACENT,,2075142.0
DIVER,DIVERGENCE PROTOCOL,,2072185.0
GIV,GIVETH,,2070764.0
KROM,KROMATIKA,,2056152.0
UBXT,UPBOTS,,2055240.0
BSK,BITCOINSTAKING,,2045386.0
GQ,GALACTIC QUADRANT,,2045300.0
ABL,AIRBLOC,,2035988.0
UNV,UNVEST,,2034473.0
GAMMA,GREEN PLANET,,2029814.0
XSP,XSWAP PROTOCOL,,2028467.0
XDB,DIGITALBITS,,2023118.0
ISP,ISPOLINK,,2016548.0
FOREX,HANDLE.FI,,2016410.0
KLEE,KLEEKAI,,2014362.0
WOMBAT,WOMBAT,,2011172.0
GYRO,GYRO,,2007566.0
NFTB,NFTB,,2004513.0
EMC2,EINSTEINIUM,,2002994.0
QBX,QIIBEE FOUNDATION,,1999797.0
UCASH,U.CASH,,1998151.0
JUR,JUR,,1991735.0
REVU,REVUTO,,1986489.0
FLY,FRANKLIN,,1984793.0
RCH,RICH,,1983158.0
DWEB,DECENTRAWEB,,1977382.0
SPORT,SPORT,,1961088.0
DEFIT,DIGITAL FITNESS,,1960430.0
IOV,STARNAME,,1958787.0
ROCK,BEDROCK,,1957887.0
XCUR,CURATE,,1950489.0
MOVEZ,MOVEZ,,1919445.0
GNY,GNY,,1919386.0
CHANGE,CHANGEX,,1919375.0
PACOCA,PACOCA,,1914152.0
BIX,BIBOX,,1913541.0
DEC,DECENTR,,1912732.0
MBX,MOBIECOIN,,1909515.0
XEQ,EQUILIBRIA,,1906425.0
ZEE,ZEROSWAP,,1906333.0
TIDAL,TIDAL FINANCE,,1890857.0
NAS,NEBULAS,,1888069.0
RFT,RANGERS FAN TOKEN,,1885132.0
NLG,GULDEN,,1884459.0
XNL,CHRONICLE,,1879181.0
NYAN,NYANCOIN,,1873644.0
MAD,MAD BUCKS,,1859717.0
TREAT,TREATDAO [OLD],,1855217.0
RFUEL,RIODEFI,,1852211.0
MARSH,UNMARSHAL,,1845928.0
PAY,TENX,,1832756.0
BHC,BILLIONHAPPINESS,,1830384.0
MITX,MORPHEUS LABS,,1829335.0
CNFI,CONNECT FINANCIAL,,1828531.0
1ART,ONEART,,1828332.0
DOE,DOGS OF ELON,,1827676.0
AT,ABCC,,1823222.0
BSTN,BASTION PROTOCOL,,1821808.0
HE,HEROES & EMPIRES,,1816654.0
TRIVIA,TRIVIANS,,1808984.0
GCOIN,GALAXY FIGHT CLUB,,1808791.0
SWAG,SWAG FINANCE,,1808304.0
ASIA,ASIA COIN,,1802496.0
INTR,INTERLAY,,1795773.0
DNXC,DINOX,,1793529.0
CBC,CBC.NETWORK,,1790341.0
NFD,FEISTY DOGE NFT,,1789315.0
WGR,WAGERR,,1786083.0
UBE,UBESWAP,,1784858.0
TGT,THORWALLET DEX,,1778726.0
VAB,VABBLE,,1777272.0
CMT,CYBERMILES,,1776870.0
SDC,SMART DONATION COIN,,1776201.0
PNODE,PINKNODE,,1775761.0
EFL,ELECTRONIC GULDEN,,1772948.0
KUMA,KUMA INU,,1771907.0
REVO,REVOMON,,1770714.0
BTCMT,MINTO,,1769207.0
SOY,SOY FINANCE,,1759716.0
GAZE,GAZETV,,1756691.0
SENATE,SENATE,,1754334.0
ABLOCK,ANY BLOCKNET,,1752938.0
KCCPAD,KCCPAD,,1749403.0
SNY,SYNTHETIFY,,1745101.0
WLITI,WLITI,,1744586.0
TERN,TERNIO,,1744504.0
UWL,UNIWHALES,,1739718.0
TAROT,TAROT,,1739593.0
MAXI,MAXIMIZER,,1737943.0
ACT,ACHAIN,,1736856.0
EXNT,EXNETWORK,,1735430.0
ROCO,ROCO FINANCE,,1733659.0
MMO,MAD MEERKAT OPTIMIZER,,1729477.0
WDGLD,WRAPPED-DGLD,,1718321.0
UJENNY,JENNY METAVERSE DAO,,1717939.0
DOP,DROPS OWNERSHIP POWER,,1717380.0
RCN,RIPIO CREDIT NETWORK,,1711822.0
NEBO,CSP DAO NETWORK,,1710905.0
SWOP,SWOP,,1709170.0
1337,1337,,1708745.0
KOM,KOMMUNITAS,,1704993.0
DAFI,DAFI PROTOCOL,,1704375.0
ALYA,ALYATTES,,1702224.0
ORS,ORIGIN SPORT,,1699076.0
LIME,IME LAB,,1695361.0
BCUBE,B-CUBE.AI,,1693713.0
MARS4,MARS4,,1691239.0
PLY,AURIGAMI,,1687404.0
XPM,PRIMECOIN,,1683756.0
KEX,KIRA NETWORK,,1675914.0
DPS,DEEPSPACE,,1674900.0
CONV,CONVERGENCE,,1674515.0
GAIA,GAIA EVERWORLD,,1674372.0
WEAVE,WEAVE,,1674200.0
GRG,RIGOBLOCK,,1672237.0
SLAM,SLAM,,1668323.0
VADER,VADER PROTOCOL,,1667112.0
FIAT,FIXED INCOME ASSET,,1666964.0
LOCG,LOCGAME,,1663752.0
INT,INTCHAIN,,1663672.0
XOT,OKURU,,1657619.0
NUDES,NUDES,,1654510.0
CLU,CLUCOIN,,1649884.0
SNP,SYNAPSE NETWORK,,1646902.0
BTC2X-FLI,BTC 2X FLEXIBLE LEVERAGE INDEX,,1646389.0
FLS,FLITS,,1642278.0
CHICKS,SOLCHICKS,,1638634.0
STANDARD,STAKEBORG DAO,,1634396.0
BAX,BABB,,1633566.0
OPEN,OPENWORLD,,1631869.0
FROYO,FROYO GAMES,,1628207.0
RAZOR,RAZOR NETWORK,,1626709.0
IDV,IDAVOLL DAO,,1623918.0
1FLR,FLARE,,1623002.0
VEX,VEXANIUM,,1621867.0
UMB,UMBRELLA NETWORK,,1614755.0
UBQ,UBIQ,,1613424.0
IQN,IQEON,,1613152.0
ARI10,ARI10,,1612557.0
DIFF,DIFFUSION,,1611941.0
COVER,COVER PROTOCOL,,1606484.0
SCROOGE,SCROOGE,,1605699.0
PHNX,PHENIX FINANCE,,1605337.0
CHE,CHERRYSWAP,,1602700.0
BULL,BULLIEVERSE,,1602053.0
SFIL,FILECOIN STANDARD FULL HASHRATE,,1600843.0
HGOLD,HOLLYGOLD,,1597427.0
IDNA,IDENA,,1596920.0
42,42-COIN,,1595571.0
LINU,LUNA INU,,1593534.0
SRN,SIRIN LABS,,1592388.0
EGG,WAVES DUCKS,,1589778.0
XCASH,X-CASH,,1586639.0
IUSDC,INSTADAPP USDC,,1586299.0
EMT,EMANATE,,1582661.0
ASTROC,ASTROPORT CLASSIC,,1577131.0
ONSTON,ONSTON,,1576358.0
HFT,HODL FINANCE,,1558202.0
MNG,MOON NATION GAME,,1546587.0
JFI,JUNGLE DEFI,,1544159.0
BLT,BLOCTO,,1543322.0
RXD,RADIANT,,1539544.0
VOICE,VOICE,,1538172.0
SALE,DXSALE NETWORK,,1537096.0
CXD,CORTEXDAO,,1536330.0
AVG,AVOCADO DAO,,1532490.0
ONI,ONINO,,1531577.0
NORD,NORD FINANCE,,1528979.0
CARDS,CARDSTARTER,,1527865.0
TXL,AUTOBAHN NETWORK,,1526796.0
RUFF,RUFF,,1522875.0
ETHO,ETHO PROTOCOL,,1521573.0
MIT,GALAXY BLITZ,,1518824.0
EGT,EGRETIA,,1518176.0
EDOGE,ELONDOGE.IO,,1518048.0
PHTK,PHUN TOKEN,,1515973.0
XCT,CITADEL.ONE,,1512972.0
SMART,SMARTCASH,,1511646.0
XTP,TAP,,1509597.0
SPARTA,SPARTAN PROTOCOL,,1509145.0
VNT,INVENTORYCLUB,,1507532.0
BRUSH,PAINT SWAP,,1505698.0
RAIDER,CRYPTO RAIDERS,,1505636.0
RAVEN,RAVEN PROTOCOL,,1502298.0
SMARTCREDIT,SMARTCREDIT,,1498934.0
OPIUM,OPIUM,,1493437.0
SLRS,SOLRISE FINANCE,,1489644.0
ONION,DEEPONION,,1483504.0
XPRO,XPROJECT,,1468909.0
GSTS,GUNSTAR METAVERSE,,1466067.0
XMS,MARS ECOSYSTEM,,1465459.0
LUFC,LEEDS UNITED FAN TOKEN,,1464293.0
XAUR,XAURUM,,1464219.0
ORC,ORCLANDS METAVERSE,,1464119.0
CMFI,COMPENDIUM.FI,,1464041.0
ARCX,ARC GOVERNANCE,,1461491.0
OBTC,BORINGDAO BTC,,1460636.0
BELT,BELT,,1456407.0
KLT,KAMALEONT,,1450454.0
ZLK,ZENLINK NETWORK,,1450030.0
YVAULT-LP-YCURVE,YUSD,,1449313.0
0XBTC,0XBITCOIN,,1447541.0
MINX,INNOVAMINEX,,1446149.0
BABI,BABYLONS,,1444657.0
CWS,SEASCAPE CROWNS,,1444627.0
MTC,DOC.COM,,1436775.0
WELL,MOONWELL ARTEMIS,,1432888.0
DCAU,DRAGON CRYPTO AURUM,,1426691.0
DUEL,DUEL NETWORK,,1424096.0
TNT,TIERION,,1419991.0
CNFT,COMMUNIFTY,,1419821.0
GDOGE,GOLDEN DOGE,,1415776.0
TETU,TETU,,1410167.0
NETT,NETSWAP,,1407745.0
SPFC,SAO PAULO FC FAN TOKEN,,1406282.0
RES,RESFINEX TOKEN,,1404973.0
IOI,IOI,,1403896.0
ARMOR,ARMOR,,1401449.0
BRDG,BRIDGE NETWORK,,1396223.0
DMTR,DIMITRA,,1380326.0
XRUNE,THORSTARTER,,1377927.0
KINT,KINTSUGI,,1376791.0
MILK,MILKSHAKE SWAP,,1365483.0
ACS,ACRYPTOS,,1364040.0
PERC,PERION,,1358956.0
NEU,NEUMARK,,1355039.0
FNDZ,FNDZ,,1354504.0
GOAL,GOAL,,1353099.0
DBL,DOUBLOON,,1347332.0
WOOF,WOOF,,1336897.0
STRP,STRIPS FINANCE,,1330114.0
KINE,KINE PROTOCOL,,1327220.0
ZUSD,ZUSD,,1324702.0
WANA,WANAKA FARM,,1323223.0
SAVG,SAVAGE,,1322317.0
KNDX,KONDUX,,1316092.0
ARCHA,ARCHANGEL,,1314516.0
0NE,CIVFUND STONE,,1309520.0
YEC,YCASH,,1306424.0
ODDZ,ODDZ,,1302179.0
CNV,CONCAVE,,1297911.0
CLAM,OTTERCLAM,,1293251.0
HERA,HERA FINANCE,,1289288.0
STAK,JIGSTACK,,1287919.0
ATN,ATN,,1285810.0
HOTCROSS,HOT CROSS,,1283782.0
SAUBER,ALFA ROMEO RACING ORLEN FAN TOKEN,,1279641.0
UNB,UNBOUND FINANCE,,1275834.0
2X2,2X2,,1274737.0
PBTC,PTOKENS BTC [OLD],,1273269.0
AOA,AURORA CHAIN,,1272322.0
GTH,GATHER,,1270812.0
HNST,HONEST,,1268425.0
KOL,KOLLECT,,1266034.0
EUNO,EUNO,,1258391.0
LAYER,UNILAYER,,1252867.0
KINGSHIB,KING SHIBA,,1251218.0
CPC,CPCHAIN,,1245721.0
VERA,VERA,,1244869.0
PORT,PORT FINANCE,,1243000.0
DUSD,DEFIDOLLAR,,1242263.0
EPK,EPIK PROTOCOL,,1235591.0
BIS,BISMUTH,,1233650.0
ETHIX,ETHICHUB,,1232078.0
WTF,WATERFALL GOVERNANCE,,1230850.0
DAPPT,DAPP.COM,,1226295.0
CLOAK,CLOAKCOIN,,1221892.0
MOO,MOOLA MARKET,,1220730.0
MRX,METRIX COIN,,1220670.0
BLK,BLACKCOIN,,1219881.0
XIL,XILLION,,1219321.0
SPH,SPHEROID UNIVERSE,,1212142.0
FNT,FALCON PROJECT,,1210529.0
NFTI,NFT INDEX,,1209173.0
BLXM,BLOXMOVE,,1201783.0
NABOX,NABOX,,1198851.0
AZR,AZZURE,,1198530.0
XPNET,XP NETWORK,,1198073.0
3ULL,PLAYA3ULL GAMES,,1196730.0
BUMP,BUMPER,,1195920.0
SI,SIREN,,1194965.0
PLR,PILLAR,,1193132.0
CMERGE,COINMERGE (BEP20),,1188822.0
SYNC,SYNC NETWORK,,1187355.0
FARA,FARALAND,,1186525.0
MUST,MUST,,1185735.0
BUIDL,DFOHUB,,1181418.0
PICKLE,PICKLE FINANCE,,1174520.0
DINGO,DINGOCOIN,,1174156.0
SKMT,SOAKMONT,,1172005.0
DON,DON-KEY,,1171921.0
IBFK,İSTANBUL BAŞAKŞEHIR FAN TOKEN,,1164923.0
IDAI,INSTADAPP DAI,,1164457.0
JULD,JULSWAP,,1164232.0
DCN,DENTACOIN,,1163862.0
STRNGR,STRONGER,,1160096.0
EAI,EDAIN,,1159765.0
PIST,PIST TRUST,,1155635.0
STPL,STREAM PROTOCOL,,1155366.0
QUIDD,QUIDD,,1154319.0
STND,STANDARD PROTOCOL,,1153644.0
BTSG,BITSONG,,1146446.0
FIN,DEFINER,,1146142.0
PBTC35A,PBTC35A,,1143051.0
DAX,DAEX,,1142256.0
GAT,GAME ACE,,1141035.0
PIKA,PIKA,,1140643.0
KTN,KATTANA,,1138359.0
AGVE,AGAVE,,1135110.0
SPEC,SPECTRUM PROTOCOL,,1130893.0
PET,BATTLE PETS,,1129434.0
PUT,PUTINCOIN,,1128948.0
$FUR,FURIO,,1126539.0
BMI,BRIDGE MUTUAL,,1124911.0
DEPAY,DEPAY,,1119750.0
MASS,MASS,,1117444.0
BED,BANKLESS BED INDEX,,1115974.0
NEXT,SHOPNEXT,,1112302.0
YUZU,FRUITS OF RYOSHI,,1108601.0
LPOOL,LAUNCHPOOL,,1108348.0
STARSHIP,STARSHIP,,1108344.0
ANN,ANNEX FINANCE,,1108090.0
MSTR,MONSTERRA,,1107867.0
CS,CREDITS,,1104881.0
MBD,MBD FINANCIALS,,1104767.0
VRN,VAREN,,1104561.0
TXA,TXA,,1102659.0
JULIEN,JULIEN,,1101897.0
TDX,TIDEX,,1101167.0
DGX,DIGIX GOLD,,1099221.0
LINKA,LINKA,,1094260.0
FRKT,FRAKT,,1092802.0
MFI,METFI,,1092723.0
MINIDOGE,MINIDOGE,,1088750.0
LFI,LUNAFI,,1088530.0
EVE,EVE,,1084769.0
NR1,NUMBER 1,,1083499.0
CALO,CALO,,1082237.0
SHND,STRONGHANDS,,1077224.0
DFY,DEFI FOR YOU,,1075100.0
PCL,PECULIUM,,1072654.0
KATA,KATANA INU,,1065876.0
VALUE,VALUE DEFI,,1064611.0
OIL,OILER,,1063207.0
OKLG,OK.LETS.GO.,,1062375.0
CATPAY,CATPAY,,1058035.0
USF,UNSLASHED FINANCE,,1051499.0
IRT,INFINITY ROCKET,,1051451.0
ZWAP,ZILSWAP,,1046703.0
HYVE,HYVE,,1043988.0
GOMT,GOMEAT,,1042893.0
WSB,WALLSTREETBETS DAPP,,1039236.0
OLO,OOLONGSWAP,,1036959.0
PGX,PEGAXY STONE,,1036224.0
ARCONA,ARCONA,,1035870.0
THX,THX NETWORK,,1032083.0
DOV,DOVU,,1031413.0
FDT,FIAT DAO,,1030415.0
OMNI,OMNI,,1029079.0
SMTY,SMOOTHY,,1028641.0
FUTURE,FUTURECOIN,,1027005.0
3AIR,3AIR,,1026756.0
TIA,TIA,,1026556.0
RET,RENEWABLE ENERGY,,1024024.0
POODL,POODL,,1022125.0
OBOT,OBORTECH,,1021984.0
SGLY,SINGULARITY,,1020335.0
AIT,AICHAIN,,1019212.0
ACRE,ARABLE PROTOCOL,,1016717.0
FLOAT,FLOAT PROTOCOL: FLOAT,,1013238.0
MDA,MOEDA LOYALTY POINTS,,1008827.0
TBFT,TÜRKIYE BASKETBOL FEDERASYONU FAN TOKEN,,1006665.0
TAD,TADPOLE,,1006402.0
DEX,NEWDEX,,1006299.0
BOB,BOB,,1001135.0
BNPL,BNPL PAY,,999901.0
ECH,ECHELON,,989808.0
OXS,OXBULL SOLANA,,989132.0
BRD,BREAD,,988989.0
AMLT,AMLT NETWORK,,986170.0
OCE,OCEANEX,,986075.0
SWINGBY,SWINGBY,,983036.0
IGG,IG GOLD,,982616.0
RELAY,RELAY CHAIN,,982318.0
AM,ASTON MARTIN COGNIZANT FAN TOKEN,,980936.0
D4RK,DARK,,980844.0
CAVE,CAVEWORLD,,979016.0
PRX,PAREX,,978484.0
KALI,KALISSA,,977834.0
LZ,LAUNCHZONE,,974368.0
MIMAS,MIMAS FINANCE,,972110.0
OLY,OLYVERSE,,970233.0
QRK,QUARK,,968759.0
KONO,KONOMI NETWORK,,968401.0
BIRD,BIRD.MONEY,,966923.0
TOP,TOP NETWORK,,966458.0
AUR,AURORACOIN,,966060.0
GVT,GENESIS VISION,,965300.0
PKR,POLKER,,964179.0
ARTH,ARTH,,963642.0
DARK,DARK FRONTIERS,,963582.0
BID,TOPBIDDER,,963200.0
HMQ,HUMANIQ,,962742.0
PULI,PULI,,960678.0
TENDIE,TENDIESWAP,,960549.0
XET,XFINITE ENTERTAINMENT,,957442.0
CRWNY,CROWNY,,955767.0
VBK,VERIBLOCK,,955226.0
EQZ,EQUALIZER,,952941.0
EVERETH,EVERETH,,951909.0
PXC,PHOENIXCOIN,,951667.0
DAVIS,DAVIS CUP FAN TOKEN,,951513.0
MAN,MATRIX AI NETWORK,,947959.0
BTX,BITCORE,,945274.0
PLAY,HEROCOIN,,944947.0
HND,HUNDRED FINANCE,,941703.0
RHYTHM,RHYTHM,,936850.0
EFX,EFFECT NETWORK,,932034.0
RENZEC,RENZEC,,931057.0
NITRO,NITRO LEAGUE,,929020.0
DUST,DUST,,922777.0
LHC,LIGHTCOIN,,915707.0
SWD,SW DAO,,911917.0
NIOB,NIOB,,909836.0
YBO,YOUNG BOYS FAN TOKEN,,907950.0
BONTE,BONTECOIN,,907706.0
WSG,WALL STREET GAMES,,905303.0
EYE,BEHODLER,,904159.0
BOTTO,BOTTO,,903719.0
GNX,GENARO NETWORK,,902963.0
LIFE,LIFE CRYPTO,,900864.0
TCP,THE CRYPTO PROPHECIES,,897577.0
ROOBEE,ROOBEE,,895448.0
UDO,UNIDO,,890333.0
XGT,XION FINANCE,,888487.0
ZTG,ZEITGEIST,,886230.0
SLICE,TRANCHE FINANCE,,883659.0
DIGG,DIGG,,876149.0
HDAO,HUMANDAO,,870820.0
YEL,YEL.FINANCE,,870568.0
LOA,LEAGUE OF ANCIENTS,,866543.0
FTS,FOOTBALLSTARS,,866413.0
IF,IMPOSSIBLE FINANCE,,866257.0
KLO,KALAO,,866231.0
HST,HEADSTARTER,,864945.0
HUM,HUMMUS,,864285.0
AME,AME CHAIN,,860609.0
CORN,CORNICHON,,859874.0
TRANQ,TRANQUIL FINANCE,,857075.0
WHITE,WHITEHEART,,855194.0
NDS,NODESEEDS,,854774.0
OCN,ODYSSEY,,850940.0
YLA,YEARN LAZY APE,,850294.0
HY,HYBRIX,,847033.0
BLKC,BLACKHAT COIN,,846732.0
ATD,A2DAO,,843345.0
MODA,MODA DAO,,843205.0
DDD,SCRY.INFO,,843135.0
SHARD,SHARD COIN,,842853.0
PETS,MICROPETS,,841493.0
CHG,CHARG COIN,,840157.0
LYR,LYRA,,839227.0
MBTC,MSTABLE BTC,,835765.0
ENG,ENIGMA,,835436.0
LBA,LIBRA CREDIT,,835264.0
COPE,COPE,,833191.0
FYD,FYDCOIN,,832995.0
ROSN,ROSEON FINANCE,,830505.0
PERI,PERI FINANCE,,830210.0
RUN,RUN,,829901.0
TBC,TERABLOCK,,829855.0
UFARM,UNIFARM,,825977.0
VIS,VIGORUS,,823014.0
UCH,UNIVERSIDAD DE CHILE FAN TOKEN,,821472.0
TEER,INTEGRITEE,,819818.0
DIME,DIMECOIN,,818790.0
UAXIE,UNICLY MYSTIC AXIES COLLECTION,,817574.0
DINU,DOGEY-INU,,816225.0
DCAR,DRAGON CRYPTO ARGENTI,,813130.0
EMC,EMERCOIN,,812030.0
SATA,SIGNATA,,810893.0
GLC,GOLDCOIN,,804617.0
CPO,CRYPTOPOLIS,,803944.0
IONX,CHARGED PARTICLES,,803935.0
UNIQ,UNIQLY,,803713.0
ZCL,ZCLASSIC,,802937.0
BENT,BENT FINANCE,,798312.0
ZPTC,ZEPTACOIN,,796864.0
FILDA,FILDA,,796781.0
DEGEN,DEGEN INDEX,,795285.0
DOGECOLA,DOGECOLA,,794462.0
CCX,CONCEAL,,794232.0
SEFI,SECRET FINANCE,,791871.0
KICK,KICK,,790449.0
AVL,ASTON VILLA FAN TOKEN,,790103.0
METAV,METAVPAD,,788691.0
PILOT,UNIPILOT,,788169.0
TRCL,TREECLE,,786828.0
TETHYS,TETHYS FINANCE,,785418.0
INXT,INTERNXT,,777206.0
DLTA,DELTA.THETA,,776883.0
SUNNY,SUNNY AGGREGATOR,,775605.0
RDNT,RADIANT CAPITAL,,774186.0
FIEF,FIEF,,770694.0
MER,MERCURIAL,,770008.0
REDPANDA,REDPANDA EARTH,,768096.0
UNISTAKE,UNISTAKE,,766745.0
SHIH,SHIH TZU,,766107.0
RYO,RYO CURRENCY,,761823.0
LACE,LOVELACE WORLD,,756368.0
PAWTH,PAWTHEREUM,,755119.0
VHC,VAULT HILL CITY,,754338.0
SPORE,SPORE,,753895.0
ENTR,ENTERDAO,,749172.0
NFTL,NFTLAUNCH,,748006.0
UFR,UPFIRING,,746986.0
URQA,UREEQA,,742944.0
NODE,DAPPNODE,,739713.0
EOSC,EOSFORCE,,738533.0
SILVA,SILVA,,738352.0
MINDS,MINDS,,738141.0
BNSD,BNSD FINANCE,,737424.0
ONX,ONX FINANCE,,734244.0
PEPS,PEPS COIN,,733508.0
FAIR,FAIRGAME,,733036.0
STN,STONE,,732347.0
LAUNCH,SUPERLAUNCHER DAO,,732341.0
DRCT,ALLY DIRECT,,732303.0
THC,HEMPCOIN,,732247.0
SASHIMI,SASHIMI,,731918.0
IPX,INPULSEX,,731216.0
SYC,SYNCHROCOIN,,731159.0
DAV,DAV NETWORK,,723068.0
COOK,COOK,,720548.0
FAME,FANTOM MAKER,,719203.0
SNK,SNOOK,,717750.0
MAKI,MAKISWAP,,716411.0
CERES,CERES,,714051.0
DOUGH,PIEDAO DOUGH V2,,713965.0
WSN,WALLSTREETNINJA,,713385.0
HER,HERITY NETWORK,,713037.0
POLX,POLYLASTIC,,712672.0
LOCK,MERIDIAN NETWORK,,711136.0
VISION,APY.VISION,,706541.0
FIU,BEFITTER,,705494.0
BEACH,BEACH TOKEN,,703967.0
INFT,INFINITO,,703105.0
DOGO,DOGEMONGO,,703001.0
GEIST,GEIST FINANCE,,702598.0
PHTR,PHUTURE,,702417.0
MNST,MOONSTARTER,,700726.0
UFEWO,UNICLY FEWOCIOUS COLLECTION,,699251.0
SMLY,SMILEYCOIN,,697363.0
GLEEC,GLEEC COIN,,694285.0
EXPO,EXPONENTIAL CAPITAL,,691533.0
BWI,BITWIN24,,688745.0
GRLC,GARLICOIN,,688578.0
XGRO,GROWTH DEFI,,686669.0
SION,FC SION FAN TOKEN,,684043.0
XDN,DIGITALNOTE,,681709.0
THO,THORUS,,681578.0
LEAG,LEAGUEDAO GOVERNANCE,,677967.0
ALA,ALANYASPOR FAN TOKEN,,672709.0
DGS,DEBLOX,,671466.0
SARCO,SARCOPHAGUS,,671129.0
BCP,PIEDAO BALANCED CRYPTO PIE,,667516.0
EXCC,EXCHANGECOIN,,667363.0
MTS,METASTRIKE,,664520.0
BCOIN,BOMBCRYPTO,,663064.0
SUMO,SUMOKOIN,,662865.0
LOVE,UKRAINEDAO FLAG NFT,,659625.0
DOGEWHALE,DOGEWHALE,,658509.0
SOLAR,SOLARBEAM,,655832.0
MSHEESHA,SHEESHA FINANCE POLYGON,,655358.0
MARK,BENCHMARK PROTOCOL,,652825.0
LTT,LOCALTRADE,,652006.0
CRBN,CARBON,,651843.0
EQO,EQO,,651378.0
POC,POCKET ARENA,,650988.0
SWAPZ,SWAPZ.APP,,650462.0
TOON,PONTOON,,647913.0
F2C,FTRIBE FIGHTERS,,647841.0
LQT,LIQUIDIFTY,,646559.0
FNC,FANCY GAMES,,646132.0
ASTRO,ASTROSWAP,,642549.0
PVU,PLANT VS UNDEAD,,641817.0
SKRT,SEKURITANCE,,641539.0
HTML,HTMLCOIN,,639687.0
ROY,CRYPTO ROYALE,,639365.0
CLH,CLEARDAO,,639132.0
BDP,BIG DATA PROTOCOL,,637900.0
IB,IRON BANK,,637631.0
CAT,MOONCAT CAT,,637591.0
WNDR,WONDERMAN NATION,,637041.0
ZOON,CRYPTOZOON,,636891.0
PPAY,PLASMA FINANCE,,635642.0
SPHERE,CRONOSPHERE,,630879.0
ROX,ROBOTINA,,630122.0
GYSR,GEYSER,,629975.0
FLAME,FIRESTARTER,,628596.0
COMBO,FURUCOMBO,,625857.0
EXM,EXMO COIN,,625663.0
ESS,EMPTY SET SHARE,,625012.0
AXPR,MOOLA,,624551.0
KIT,DEXKIT,,622526.0
BOP,BORING PROTOCOL,,622339.0
UBXS,UBXS,,622183.0
EXRN,EXRNCHAIN,,620129.0
DESU,DEXSPORT,,620003.0
PEG,PEGNET,,619873.0
ANJI,ANJI,,619184.0
RENDOGE,RENDOGE,,619091.0
EDDA,EDDASWAP,,618858.0
SPUNK,SHIBA PUNKZ,,618536.0
GSE,GSENETWORK,,615845.0
XMX,XMAX,,614593.0
TWD,TERRA WORLD,,614209.0
GOF,GOLFF,,613396.0
MEGA,MEGACRYPTOPOLIS,,612909.0
HUSH,HUSH,,611997.0
TPRO,TPRO,,610987.0
APRT,APRICOT,,610154.0
RATING,DPRATING,,609325.0
DEV,DEV PROTOCOL,,607668.0
BUND,BUNDLES,,600448.0
SOLAPE,SOLAPE,,598784.0
XFI,XFINANCE,,597668.0
GLINK,GEMLINK,,597488.0
SHEESHA,SHEESHA FINANCE (ERC20),,597377.0
MOCA,MUSEUM OF CRYPTO ART,,595733.0
XMY,MYRIAD,,594875.0
REVA,REVAULT NETWORK,,593753.0
SG,SOCIALGOOD,,590119.0
WASP,WANSWAP,,589338.0
RAID,ANCIENT RAID,,589335.0
BITORB,BITORBIT,,589230.0
NIOX,AUTONIO,,587859.0
KGO,KIWIGO,,587777.0
YIN,YIN FINANCE,,586382.0
GFN,GRAPHENE,,585782.0
GFT,GAME FANTASY,,583479.0
B20,B20,,580490.0
PPP,PAYPIE,,580051.0
WAG,WAGYUSWAP,,579076.0
KRB,KARBO,,577843.0
